PID,Environment,Condition,Phase,Trial,Target_Distance,Distance_Travelled,prop
1,0,1,0,1,3,2.386353848,0.795451283
1,0,1,0,2,4,3.2093194,0.80232985
1,0,1,0,3,3,2.717579935,0.905859978
1,0,1,0,4,3,2.691499057,0.897166352
1,0,1,0,5,4,3.843208993,0.960802248
1,0,1,0,6,2,1.884816792,0.942408396
1,0,1,0,7,3,3.07565668,1.025218893
1,0,1,0,8,4,4.230628409,1.057657102
1,0,1,0,9,4,4.2146991,1.053674775
1,0,1,0,10,4,4.060136798,1.0150342
1,0,1,0,11,3,3.033007098,1.011002366
1,0,1,0,12,2,2.096345501,1.048172751
1,0,1,0,13,2,2.100075251,1.050037626
1,0,1,0,14,2,2.058924842,1.029462421
1,0,1,0,15,2,1.896233513,0.948116757
1,0,1,2,31,2,2.517684022,1.258842011
1,0,1,2,32,2,2.178559449,1.089279725
1,0,1,2,33,4,4.325406022,1.081351506
1,0,1,2,34,4,4.875251886,1.218812972
1,0,1,2,35,3,2.937359479,0.979119826
1,0,1,2,36,3,3.488102931,1.162700977
1,0,1,2,37,4,3.727312454,0.931828114
1,0,1,2,38,4,3.761589427,0.940397357
1,0,1,2,39,4,4.321015823,1.080253956
1,0,1,2,40,3,3.058093832,1.019364611
1,0,1,2,41,3,3.085498141,1.02849938
1,0,1,2,42,2,2.138207137,1.069103569
1,0,1,2,43,2,1.997250089,0.998625045
1,0,1,2,44,2,2.567858278,1.283929139
1,0,1,2,45,3,3.174936361,1.05831212
2,0,2,0,1,2,1.62233839,0.811169195
2,0,2,0,2,2,1.328459592,0.664229796
2,0,2,0,3,4,2.983570486,0.745892622
2,0,2,0,4,3,1.823201672,0.607733891
2,0,2,0,5,4,2.935313175,0.733828294
2,0,2,0,6,3,2.143711287,0.714570429
2,0,2,0,7,3,2.321644728,0.773881576
2,0,2,0,8,2,1.432392845,0.716196423
2,0,2,0,9,4,2.918304592,0.729576148
2,0,2,0,10,4,2.844068484,0.711017121
2,0,2,0,11,3,2.191593202,0.730531067
2,0,2,0,12,3,2.564381741,0.854793914
2,0,2,0,13,2,1.586418078,0.793209039
2,0,2,0,14,2,1.378473282,0.689236641
2,0,2,0,15,4,2.938184937,0.734546234
2,0,2,2,31,3,1.647831894,0.549277298
2,0,2,2,32,3,2.195373599,0.7317912
2,0,2,2,33,4,2.897017075,0.724254269
2,0,2,2,34,3,1.830210746,0.610070249
2,0,2,2,35,4,2.808096686,0.702024172
2,0,2,2,36,2,1.474037363,0.737018682
2,0,2,2,37,3,2.065836217,0.688612072
2,0,2,2,38,4,3.082557532,0.770639383
2,0,2,2,39,2,1.298245384,0.649122692
2,0,2,2,40,3,2.364984877,0.788328292
2,0,2,2,41,2,1.427623798,0.713811899
2,0,2,2,42,2,1.503582449,0.751791225
2,0,2,2,43,4,3.177279194,0.794319799
2,0,2,2,44,4,3.072651127,0.768162782
2,0,2,2,45,2,1.413454676,0.706727338
3,0,2,0,2,4,3.719996178,0.929999045
3,0,2,0,3,2,1.763133694,0.881566847
3,0,2,0,4,3,2.793581531,0.931193844
3,0,2,0,5,3,2.843796074,0.947932025
3,0,2,0,6,3,2.853743152,0.951247717
3,0,2,0,7,4,4.180771473,1.045192868
3,0,2,0,8,4,4.000813726,1.000203432
3,0,2,0,9,3,2.787286088,0.929095363
3,0,2,0,10,4,4.280682467,1.070170617
3,0,2,0,11,2,1.766250797,0.883125399
3,0,2,0,12,4,3.964864366,0.991216092
3,0,2,0,13,2,1.917817738,0.958908869
3,0,2,0,14,2,1.734643693,0.867321847
3,0,2,0,15,2,2.00766271,1.003831355
3,0,2,2,31,2,2.099111869,1.049555935
3,0,2,2,32,2,2.068656493,1.034328247
3,0,2,2,33,4,3.962941441,0.99073536
3,0,2,2,34,4,3.776639745,0.944159936
3,0,2,2,35,2,1.524130445,0.762065223
3,0,2,2,36,3,3.049519233,1.016506411
3,0,2,2,37,2,1.840938022,0.920469011
3,0,2,2,40,2,1.911785197,0.955892599
3,0,2,2,41,3,2.909851484,0.969950495
3,0,2,2,42,3,2.858080223,0.952693408
3,0,2,2,43,3,3.013545196,1.004515065
3,0,2,2,44,3,3.110200556,1.036733519
3,0,2,2,45,4,4.74777964,1.18694491
4,0,1,0,1,3,2.66006685,0.88668895
4,0,1,0,2,4,3.377471403,0.844367851
4,0,1,0,3,2,1.538165238,0.769082619
4,0,1,0,4,2,1.472227481,0.736113741
4,0,1,0,5,2,1.375527904,0.687763952
4,0,1,0,6,2,1.646958698,0.823479349
4,0,1,0,7,3,2.562679217,0.854226406
4,0,1,0,8,2,1.613461297,0.806730649
4,0,1,0,9,3,2.373420645,0.791140215
4,0,1,0,10,4,3.651486309,0.912871577
4,0,1,0,11,3,2.442921218,0.814307073
4,0,1,0,12,3,2.423686373,0.807895458
4,0,1,0,13,4,3.301827074,0.825456769
4,0,1,0,14,4,3.352150474,0.838037619
4,0,1,0,15,4,3.764731401,0.94118285
4,0,1,2,31,3,3.129490255,1.043163418
4,0,1,2,32,4,4.071945167,1.017986292
4,0,1,2,33,2,1.959990841,0.979995421
4,0,1,2,34,2,2.018487058,1.009243529
4,0,1,2,35,2,2.173136301,1.086568151
4,0,1,2,36,2,1.945143209,0.972571605
4,0,1,2,37,2,1.862087012,0.931043506
4,0,1,2,38,4,4.149617979,1.037404495
4,0,1,2,39,4,4.069926076,1.017481519
4,0,1,2,40,3,3.072438466,1.024146155
4,0,1,2,41,4,4.404061589,1.101015397
4,0,1,2,42,3,2.787964038,0.929321346
4,0,1,2,43,3,3.0555822,1.0185274
4,0,1,2,44,3,3.015447293,1.005149098
4,0,1,2,45,4,4.414639625,1.103659906
5,0,2,0,4,4,3.80871748,0.95217937
5,0,2,0,5,2,1.476962064,0.738481032
5,0,2,0,6,2,1.539943313,0.769971657
5,0,2,0,7,2,1.525875747,0.762937874
5,0,2,0,8,2,1.334296224,0.667148112
5,0,2,0,9,4,4.115602601,1.02890065
5,0,2,0,10,4,4.153519947,1.038379987
5,0,2,0,11,2,1.644920164,0.822460082
5,0,2,0,12,3,2.624488929,0.874829643
5,0,2,0,13,3,2.313575825,0.771191942
5,0,2,0,14,3,2.699188268,0.899729423
5,0,2,0,15,3,2.616889913,0.872296638
5,0,2,2,31,2,1.924623986,0.962311993
5,0,2,2,32,2,1.536639263,0.768319632
5,0,2,2,33,4,4.384008086,1.096002022
5,0,2,2,34,3,2.916322195,0.972107398
5,0,2,2,35,3,2.792583828,0.930861276
5,0,2,2,36,3,2.712896096,0.904298699
5,0,2,2,37,3,2.979475375,0.993158458
5,0,2,2,38,3,3.095559063,1.031853021
5,0,2,2,39,4,4.036426686,1.009106672
5,0,2,2,40,4,4.081028966,1.020257242
5,0,2,2,41,2,1.75309175,0.876545875
5,0,2,2,42,2,1.653484651,0.826742326
5,0,2,2,43,2,1.831642866,0.915821433
5,0,2,2,44,4,4.074699435,1.018674859
5,0,2,2,45,4,3.819915918,0.95497898
6,0,1,0,1,4,3.241921129,0.810480282
6,0,1,0,2,3,2.164046816,0.721348939
6,0,1,0,3,2,1.421924795,0.710962398
6,0,1,0,4,4,3.655500664,0.913875166
6,0,1,0,5,2,1.545898194,0.772949097
6,0,1,0,6,2,1.6354953,0.81774765
6,0,1,0,7,2,1.616054334,0.808027167
6,0,1,0,8,3,2.824223821,0.94140794
6,0,1,0,9,2,1.551933492,0.775966746
6,0,1,0,10,3,2.638427147,0.879475716
6,0,1,0,11,4,3.960372334,0.990093084
6,0,1,0,12,3,2.673452374,0.891150791
6,0,1,0,13,4,4.003890617,1.000972654
6,0,1,0,14,3,2.781913665,0.927304555
6,0,1,0,15,4,4.125169321,1.03129233
6,0,1,2,31,2,2.401731108,1.200865554
6,0,1,2,32,4,4.504164079,1.12604102
6,0,1,2,33,2,2.313582364,1.156791182
6,0,1,2,34,2,2.093761012,1.046880506
6,0,1,2,35,3,3.557731213,1.185910404
6,0,1,2,36,3,3.426411534,1.142137178
6,0,1,2,37,3,2.86112626,0.953708753
6,0,1,2,38,4,4.777998035,1.194499509
6,0,1,2,39,3,3.221621116,1.073873705
6,0,1,2,40,3,3.021773587,1.007257862
6,0,1,2,41,2,1.700124626,0.850062313
6,0,1,2,42,4,4.711755008,1.177938752
6,0,1,2,43,2,1.811685705,0.905842853
6,0,1,2,44,4,4.691419923,1.172854981
6,0,1,2,45,4,4.738610843,1.184652711
7,0,1,0,1,3,2.548640209,0.849546736
7,0,1,0,2,3,2.448237478,0.816079159
7,0,1,0,3,3,2.623128185,0.874376062
7,0,1,0,4,3,2.622339181,0.87411306
7,0,1,0,5,3,2.551771469,0.85059049
7,0,1,0,6,4,3.829478656,0.957369664
7,0,1,0,7,2,1.615589459,0.80779473
7,0,1,0,8,4,3.589761522,0.897440381
7,0,1,0,9,4,3.743079807,0.935769952
7,0,1,0,10,2,1.724071325,0.862035663
7,0,1,0,11,2,1.664807973,0.832403987
7,0,1,0,12,2,1.651468124,0.825734062
7,0,1,0,13,4,3.66999546,0.917498865
7,0,1,0,14,2,1.752905627,0.876452814
7,0,1,0,15,4,3.607198458,0.901799615
7,0,1,2,31,4,4.590443345,1.147610836
7,0,1,2,33,3,3.10801917,1.03600639
7,0,1,2,34,2,2.242283224,1.121141612
7,0,1,2,35,2,2.191687247,1.095843624
7,0,1,2,36,2,2.431063862,1.215531931
7,0,1,2,37,3,3.711629828,1.237209943
7,0,1,2,38,2,2.096992872,1.048496436
7,0,1,2,39,4,4.586697322,1.146674331
7,0,1,2,40,4,4.267834732,1.066958683
7,0,1,2,41,4,4.108337654,1.027084414
7,0,1,2,42,4,4.484895655,1.121223914
7,0,1,2,43,3,3.153703826,1.051234609
7,0,1,2,44,3,3.337093209,1.112364403
7,0,1,2,45,3,3.294690472,1.098230157
8,0,2,0,1,3,1.786596287,0.595532096
8,0,2,0,2,2,1.279582953,0.639791477
8,0,2,0,3,4,3.063762193,0.765940548
8,0,2,0,4,3,2.179077967,0.726359322
8,0,2,0,5,2,1.435950016,0.717975008
8,0,2,0,6,4,3.291582955,0.822895739
8,0,2,0,7,2,1.533590921,0.766795461
8,0,2,0,8,2,1.393943393,0.696971697
8,0,2,0,9,2,1.444954938,0.722477469
8,0,2,0,10,4,3.372482858,0.843120715
8,0,2,0,11,4,3.258373998,0.8145935
8,0,2,0,12,3,2.30773254,0.76924418
8,0,2,0,13,4,3.190472984,0.797618246
8,0,2,0,14,3,2.727326767,0.909108922
8,0,2,0,15,3,2.35330109,0.784433697
8,0,2,2,31,4,2.824677053,0.706169263
8,0,2,2,32,2,1.263029112,0.631514556
8,0,2,2,33,2,1.35558611,0.677793055
8,0,2,2,34,2,1.455256891,0.727628446
8,0,2,2,35,4,2.9240784,0.7310196
8,0,2,2,36,2,1.406399576,0.703199788
8,0,2,2,37,4,3.17617565,0.794043913
8,0,2,2,38,3,2.377119513,0.792373171
8,0,2,2,39,4,3.561451536,0.890362884
8,0,2,2,40,4,3.257548622,0.814387156
8,0,2,2,41,2,1.6206933,0.81034665
8,0,2,2,42,3,2.438325075,0.812775025
8,0,2,2,43,3,2.299273024,0.766424341
8,0,2,2,44,3,2.480253301,0.8267511
8,0,2,2,45,3,2.688627241,0.89620908
9,0,1,0,1,2,1.742863617,0.871431809
9,0,1,0,2,4,4.249441618,1.062360405
9,0,1,0,3,4,3.173400223,0.793350056
9,0,1,0,4,3,2.241009749,0.74700325
9,0,1,0,5,3,2.63716173,0.87905391
9,0,1,0,6,3,2.744501935,0.914833978
9,0,1,0,7,2,1.787254697,0.893627349
9,0,1,0,8,3,2.99117292,0.99705764
9,0,1,0,9,4,4.254409819,1.063602455
9,0,1,0,10,3,2.690571123,0.896857041
9,0,1,0,11,4,5.050877143,1.262719286
9,0,1,0,12,4,3.976803906,0.994200977
9,0,1,0,13,2,1.811538616,0.905769308
9,0,1,0,14,2,2.208546205,1.104273103
9,0,1,0,15,2,2.248479151,1.124239576
9,0,1,2,31,4,5.534647584,1.383661896
9,0,1,2,32,4,6.036251154,1.509062789
9,0,1,2,33,3,3.586152141,1.195384047
9,0,1,2,34,3,3.389099117,1.129699706
9,0,1,2,35,2,2.168542614,1.084271307
9,0,1,2,37,2,2.262598706,1.131299353
9,0,1,2,38,2,2.38450245,1.192251225
9,0,1,2,39,4,5.521269314,1.380317329
9,0,1,2,40,3,3.497341493,1.165780498
9,0,1,2,41,2,2.388729477,1.194364739
9,0,1,2,42,3,4.016362526,1.338787509
9,0,1,2,43,4,5.897895723,1.474473931
9,0,1,2,44,3,3.654837551,1.218279184
9,0,1,2,45,2,2.353077045,1.176538523
10,0,2,0,1,3,2.341270796,0.780423599
10,0,2,0,2,3,2.321021557,0.773673852
10,0,2,0,3,2,1.53673289,0.768366445
10,0,2,0,4,4,3.875757636,0.968939409
10,0,2,0,5,3,2.59050129,0.86350043
10,0,2,0,6,4,3.840391372,0.960097843
10,0,2,0,7,2,1.589612127,0.794806064
10,0,2,0,8,4,4.011116814,1.002779204
10,0,2,0,9,2,1.724146973,0.862073487
10,0,2,0,10,4,4.157387867,1.039346967
10,0,2,0,11,2,1.815406175,0.907703088
10,0,2,0,12,2,1.883757321,0.941878661
10,0,2,0,13,3,2.76152902,0.920509673
10,0,2,0,14,3,3.039347247,1.013115749
10,0,2,0,15,4,3.896164719,0.97404118
10,0,2,2,31,3,2.482406726,0.827468909
10,0,2,2,32,2,1.580836638,0.790418319
10,0,2,2,33,4,3.335344203,0.833836051
10,0,2,2,34,2,1.746942544,0.873471272
10,0,2,2,35,2,2.013279869,1.006639935
10,0,2,2,36,2,2.032201465,1.016100733
10,0,2,2,37,3,3.422074313,1.140691438
10,0,2,2,38,2,2.031804456,1.015902228
10,0,2,2,39,3,3.222211587,1.074070529
10,0,2,2,40,4,4.102884675,1.025721169
10,0,2,2,41,4,4.085892427,1.021473107
10,0,2,2,43,3,2.980504518,0.993501506
10,0,2,2,44,3,3.11915003,1.039716677
10,0,2,2,45,4,4.083315785,1.020828946
11,0,1,0,1,3,2.371663327,0.790554442
11,0,1,0,2,4,3.654565129,0.913641282
11,0,1,0,3,2,1.524384159,0.76219208
11,0,1,0,4,3,2.553167641,0.85105588
11,0,1,0,5,3,2.347707532,0.782569177
11,0,1,0,6,2,1.568397258,0.784198629
11,0,1,0,7,4,3.413017019,0.853254255
11,0,1,0,8,2,1.333415432,0.666707716
11,0,1,0,9,4,3.515624255,0.878906064
11,0,1,0,10,3,2.3147458,0.771581933
11,0,1,0,11,4,3.436184845,0.859046211
11,0,1,0,12,4,3.99019044,0.99754761
11,0,1,0,13,2,1.46675931,0.733379655
11,0,1,0,14,3,2.408543141,0.802847714
11,0,1,0,15,2,1.394704312,0.697352156
11,0,1,2,32,4,4.161442389,1.040360597
11,0,1,2,33,3,2.557252371,0.852417457
11,0,1,2,34,4,4.019170855,1.004792714
11,0,1,2,35,3,2.361981282,0.787327094
11,0,1,2,36,3,2.796441719,0.93214724
11,0,1,2,37,2,1.639468458,0.819734229
11,0,1,2,38,3,2.442666083,0.814222028
11,0,1,2,39,4,4.025618281,1.00640457
11,0,1,2,40,4,3.414370302,0.853592576
11,0,1,2,41,3,2.247497929,0.749165976
11,0,1,2,42,4,3.684574561,0.92114364
11,0,1,2,43,2,1.566064152,0.783032076
11,0,1,2,44,2,1.554928648,0.777464324
11,0,1,2,45,2,1.776412348,0.888206174
12,0,1,0,1,4,3.268253297,0.817063324
12,0,1,0,2,2,1.7615145,0.88075725
12,0,1,0,3,3,2.782343836,0.927447945
12,0,1,0,4,4,4.031069353,1.007767338
12,0,1,0,5,2,1.674469088,0.837234544
12,0,1,0,6,2,2.086974186,1.043487093
12,0,1,0,7,3,3.066856275,1.022285425
12,0,1,0,8,3,2.86504287,0.95501429
12,0,1,0,9,4,3.924871688,0.981217922
12,0,1,0,10,4,3.830820624,0.957705156
12,0,1,0,11,2,2.145019894,1.072509947
12,0,1,0,12,3,2.923134274,0.974378091
12,0,1,0,13,2,1.772636927,0.886318464
12,0,1,0,14,3,2.847511937,0.949170646
12,0,1,0,15,4,3.553604525,0.888401131
12,0,1,2,31,2,2.512801248,1.256400624
12,0,1,2,32,4,4.576754617,1.144188654
12,0,1,2,33,2,2.250064191,1.125032096
12,0,1,2,34,3,3.123348271,1.04111609
12,0,1,2,35,4,4.431795994,1.107948999
12,0,1,2,36,4,4.396146019,1.099036505
12,0,1,2,37,4,4.282345097,1.070586274
12,0,1,2,38,3,2.483657735,0.827885912
12,0,1,2,39,3,3.12549853,1.041832843
12,0,1,2,40,4,4.228284301,1.057071075
12,0,1,2,41,3,2.931757449,0.977252483
12,0,1,2,42,2,2.371717668,1.185858834
12,0,1,2,43,2,2.207631768,1.103815884
12,0,1,2,44,3,3.536608232,1.178869411
12,0,1,2,45,2,2.262906636,1.131453318
13,0,2,0,2,4,3.70249409,0.925623523
13,0,2,0,3,4,2.99315124,0.74828781
13,0,2,0,4,4,3.482537318,0.87063433
13,0,2,0,5,4,3.696813583,0.924203396
13,0,2,0,6,3,2.279618147,0.759872716
13,0,2,0,7,3,2.322411182,0.774137061
13,0,2,0,8,3,2.418816883,0.806272294
13,0,2,0,9,2,1.310470271,0.655235136
13,0,2,0,10,3,2.38507398,0.79502466
13,0,2,0,11,2,1.34240502,0.67120251
13,0,2,0,12,3,2.766986899,0.922328966
13,0,2,0,13,2,1.46632644,0.73316322
13,0,2,0,14,2,1.580860318,0.790430159
13,0,2,0,15,2,1.672512384,0.836256192
13,0,2,2,31,2,1.37742704,0.68871352
13,0,2,2,32,4,3.815203291,0.953800823
13,0,2,2,33,2,1.470028004,0.735014002
13,0,2,2,34,2,1.520268134,0.760134067
13,0,2,2,35,3,2.796386796,0.932128932
13,0,2,2,36,2,1.522685622,0.761342811
13,0,2,2,37,2,1.54686872,0.77343436
13,0,2,2,38,3,2.867031941,0.955677314
13,0,2,2,39,4,4.222349651,1.055587413
13,0,2,2,40,3,2.80548165,0.93516055
13,0,2,2,41,4,3.641562601,0.91039065
13,0,2,2,42,4,3.702611379,0.925652845
13,0,2,2,43,4,4.029793103,1.007448276
13,0,2,2,44,3,2.77204338,0.92401446
13,0,2,2,45,3,2.603758046,0.867919349
14,0,2,0,1,2,1.667790999,0.8338955
14,0,2,0,2,2,2.372833375,1.186416688
14,0,2,0,3,2,2.154049335,1.077024668
14,0,2,0,4,3,3.086424323,1.028808108
14,0,2,0,5,4,4.550816032,1.137704008
14,0,2,0,6,3,3.379364613,1.126454871
14,0,2,0,7,3,3.134284659,1.044761553
14,0,2,0,8,4,5.50771743,1.376929358
14,0,2,0,9,2,1.901610998,0.950805499
14,0,2,0,10,3,3.947227618,1.315742539
14,0,2,0,11,3,3.177930382,1.059310127
14,0,2,0,12,2,2.065307164,1.032653582
14,0,2,0,13,4,5.409500624,1.352375156
14,0,2,0,14,4,5.029113516,1.257278379
14,0,2,0,15,4,4.575257412,1.143814353
14,0,2,2,31,4,3.294203561,0.82355089
14,0,2,2,32,4,3.413574226,0.853393557
14,0,2,2,33,3,2.424490724,0.808163575
14,0,2,2,34,2,1.735110746,0.867555373
14,0,2,2,35,3,3.225154178,1.075051393
14,0,2,2,36,4,4.162569057,1.040642264
14,0,2,2,37,3,3.134835579,1.044945193
14,0,2,2,38,4,4.37367317,1.093418293
14,0,2,2,39,2,1.842505059,0.92125253
14,0,2,2,40,4,4.479869927,1.119967482
14,0,2,2,41,3,3.075798825,1.025266275
14,0,2,2,42,3,3.020359444,1.006786481
14,0,2,2,43,2,1.837979716,0.918989858
14,0,2,2,44,2,1.887826129,0.943913065
14,0,2,2,45,2,2.228124811,1.114062406
15,0,2,0,1,2,1.593197764,0.796598882
15,0,2,0,2,4,3.172074626,0.793018657
15,0,2,0,3,3,2.070096447,0.690032149
15,0,2,0,4,3,2.494757274,0.831585758
15,0,2,0,5,2,1.294780395,0.647390198
15,0,2,0,6,4,3.323000651,0.830750163
15,0,2,0,7,3,2.072123035,0.690707678
15,0,2,0,8,4,3.546116091,0.886529023
15,0,2,0,9,2,1.410564574,0.705282287
15,0,2,0,10,4,3.737413512,0.934353378
15,0,2,0,11,2,1.346270869,0.673135435
15,0,2,0,12,2,1.568491407,0.784245704
15,0,2,0,13,3,2.572053041,0.857351014
15,0,2,0,14,4,3.756944206,0.939236052
15,0,2,0,15,3,2.410148165,0.803382722
15,0,2,2,31,2,1.398700265,0.699350133
15,0,2,2,32,4,3.085928857,0.771482214
15,0,2,2,33,3,1.928544903,0.642848301
15,0,2,2,34,2,1.248692024,0.624346012
15,0,2,2,35,3,2.24643651,0.74881217
15,0,2,2,36,2,1.106000805,0.553000403
15,0,2,2,37,3,2.137036357,0.712345452
15,0,2,2,38,3,2.325611312,0.775203771
15,0,2,2,39,4,3.39218073,0.848045183
15,0,2,2,40,4,3.101544579,0.775386145
15,0,2,2,41,4,3.333060107,0.833265027
15,0,2,2,42,3,2.40161578,0.800538593
15,0,2,2,43,4,3.31852477,0.829631193
15,0,2,2,44,2,1.295758135,0.647879068
15,0,2,2,45,2,1.48413952,0.74206976
17,0,2,0,1,2,1.870039724,0.935019862
17,0,2,0,2,3,3.301644386,1.100548129
17,0,2,0,3,4,3.942964315,0.985741079
17,0,2,0,4,4,4.245526819,1.061381705
17,0,2,0,5,4,3.403024739,0.850756185
17,0,2,0,6,4,3.223496778,0.805874195
17,0,2,0,7,3,2.33888455,0.779628183
17,0,2,0,8,2,1.557316512,0.778658256
17,0,2,0,9,3,2.5265075,0.842169167
17,0,2,0,10,3,2.929046978,0.976348993
17,0,2,0,11,2,1.85423211,0.927116055
17,0,2,0,12,2,2.009962255,1.004981128
17,0,2,0,13,2,1.638971176,0.819485588
17,0,2,0,14,3,2.507275783,0.835758594
17,0,2,0,15,4,3.816466778,0.954116695
17,0,2,2,31,2,1.469350416,0.734675208
17,0,2,2,32,2,1.42529275,0.712646375
17,0,2,2,33,2,1.593209991,0.796604996
17,0,2,2,34,4,2.973436139,0.743359035
17,0,2,2,35,4,3.203267848,0.800816962
17,0,2,2,36,3,2.188956079,0.729652026
17,0,2,2,37,4,3.079643784,0.769910946
17,0,2,2,38,4,3.199974054,0.799993514
17,0,2,2,39,2,1.31653893,0.658269465
17,0,2,2,40,3,2.319445977,0.773148659
17,0,2,2,41,2,1.536189294,0.768094647
17,0,2,2,42,3,2.451698528,0.817232843
17,0,2,2,43,4,3.505745448,0.876436362
17,0,2,2,44,3,2.557880006,0.852626669
17,0,2,2,45,3,2.585835136,0.861945045
18,0,1,0,1,2,1.408063397,0.704031699
18,0,1,0,2,3,2.514821061,0.838273687
18,0,1,0,3,3,2.388813276,0.796271092
18,0,1,0,4,4,3.269286414,0.817321604
18,0,1,0,5,4,3.162367955,0.790591989
18,0,1,0,6,4,3.146702025,0.786675506
18,0,1,0,7,3,2.23209213,0.74403071
18,0,1,0,8,4,3.415936101,0.853984025
18,0,1,0,9,4,3.225376227,0.806344057
18,0,1,0,10,2,1.377060565,0.688530283
18,0,1,0,11,3,2.172310536,0.724103512
18,0,1,0,12,2,1.308798322,0.654399161
18,0,1,0,13,2,1.366174043,0.683087022
18,0,1,0,14,3,2.467035475,0.822345158
18,0,1,0,15,2,1.387617783,0.693808892
18,0,1,2,31,2,1.798748535,0.899374268
18,0,1,2,32,4,3.773321119,0.94333028
18,0,1,2,33,3,2.643733893,0.881244631
18,0,1,2,34,3,2.501194477,0.833731492
18,0,1,2,35,4,3.516743945,0.879185986
18,0,1,2,36,2,1.556175447,0.778087724
18,0,1,2,37,3,2.497468361,0.832489454
18,0,1,2,38,2,1.695759921,0.847879961
18,0,1,2,39,2,1.910690263,0.955345132
18,0,1,2,40,2,1.774632211,0.887316106
18,0,1,2,41,4,3.973806054,0.993451514
18,0,1,2,43,3,2.353644541,0.78454818
18,0,1,2,44,3,2.242945797,0.747648599
18,0,1,2,45,4,3.367770676,0.841942669
19,0,1,0,1,4,3.374615831,0.843653958
19,0,1,0,2,2,1.376000482,0.688000241
19,0,1,0,3,3,2.427666996,0.809222332
19,0,1,0,4,2,1.495665577,0.747832789
19,0,1,0,5,2,1.493782223,0.746891112
19,0,1,0,6,2,1.505013859,0.75250693
19,0,1,0,7,4,3.518073214,0.879518304
19,0,1,0,8,4,3.708687375,0.927171844
19,0,1,0,9,3,2.213231247,0.737743749
19,0,1,0,10,3,2.398135495,0.799378498
19,0,1,0,11,4,3.587177249,0.896794312
19,0,1,0,12,2,1.428618052,0.714309026
19,0,1,0,13,4,3.419301641,0.85482541
19,0,1,0,14,3,2.257825364,0.752608455
19,0,1,0,15,3,2.464589391,0.821529797
19,0,1,2,31,3,2.967586669,0.989195556
19,0,1,2,32,2,1.785292905,0.892646453
19,0,1,2,33,2,1.848852955,0.924426478
19,0,1,2,34,2,1.581116526,0.790558263
19,0,1,2,35,2,1.64548551,0.822742755
19,0,1,2,36,3,2.759882284,0.919960761
19,0,1,2,37,4,3.883969388,0.970992347
19,0,1,2,38,4,3.562703735,0.890675934
19,0,1,2,39,3,2.285621443,0.761873814
19,0,1,2,40,3,2.476049186,0.825349729
19,0,1,2,41,3,2.689373168,0.896457723
19,0,1,2,42,2,1.573580831,0.786790416
19,0,1,2,43,4,3.86194385,0.965485963
19,0,1,2,44,4,4.085977981,1.021494495
19,0,1,2,45,4,3.833526698,0.958381675
20,0,2,0,1,4,2.950626017,0.737656504
20,0,2,0,2,4,3.544998329,0.886249582
20,0,2,0,3,2,1.515981738,0.757990869
20,0,2,0,4,2,1.483807777,0.741903889
20,0,2,0,5,4,3.41027321,0.852568303
20,0,2,0,6,4,3.958196515,0.989549129
20,0,2,0,7,4,4.058923545,1.014730886
20,0,2,0,8,2,2.005501296,1.002750648
20,0,2,0,9,2,1.835442613,0.917721307
20,0,2,0,10,3,2.783445873,0.927815291
20,0,2,0,11,2,1.782756343,0.891378172
20,0,2,0,12,3,2.800957443,0.933652481
20,0,2,0,13,3,3.058675694,1.019558565
20,0,2,0,14,3,2.787749484,0.929249828
20,0,2,0,15,3,3.213456661,1.07115222
20,0,2,2,31,4,2.995713547,0.748928387
20,0,2,2,32,4,3.352556017,0.838139004
20,0,2,2,33,3,2.226646928,0.742215643
20,0,2,2,34,2,1.460110074,0.730055037
20,0,2,2,35,4,3.396372021,0.849093005
20,0,2,2,36,3,2.439889432,0.813296477
20,0,2,2,37,3,2.584428243,0.861476081
20,0,2,2,38,2,1.632246671,0.816123336
20,0,2,2,39,2,1.687997304,0.843998652
20,0,2,2,40,3,2.604574272,0.868191424
20,0,2,2,41,4,3.416484842,0.854121211
20,0,2,2,42,2,1.590855475,0.795427738
20,0,2,2,43,4,3.688417488,0.922104372
20,0,2,2,44,2,1.700688286,0.850344143
20,0,2,2,45,3,2.445077073,0.815025691
21,1,1,0,1,4,3.621302777,0.905325694
21,1,1,0,2,3,2.392769682,0.797589894
21,1,1,0,3,3,2.632205606,0.877401869
21,1,1,0,4,3,2.96743587,0.98914529
21,1,1,0,5,3,2.991583195,0.997194398
21,1,1,0,6,4,4.675959597,1.168989899
21,1,1,0,7,4,4.517354005,1.129338501
21,1,1,0,8,4,4.387555609,1.096888902
21,1,1,0,9,4,4.016422204,1.004105551
21,1,1,0,10,3,2.811194208,0.937064736
21,1,1,0,11,2,2.100899518,1.050449759
21,1,1,0,12,2,2.032710251,1.016355126
21,1,1,0,13,2,2.338498222,1.169249111
21,1,1,0,14,2,2.407159563,1.203579782
21,1,1,0,15,2,2.385176785,1.192588393
21,1,1,2,31,3,4.02754941,1.34251647
21,1,1,2,32,2,2.84161642,1.42080821
21,1,1,2,33,2,3.319359232,1.659679616
21,1,1,2,34,4,6.303329075,1.575832269
21,1,1,2,35,2,2.532374177,1.266187089
21,1,1,2,36,2,2.838849942,1.419424971
21,1,1,2,37,4,5.561252685,1.390313171
21,1,1,2,38,2,2.598280528,1.299140264
21,1,1,2,39,3,4.301830725,1.433943575
21,1,1,2,40,3,4.144730842,1.381576947
21,1,1,2,41,3,3.87704928,1.29234976
21,1,1,2,42,4,6.043468809,1.510867202
21,1,1,2,43,4,4.987917154,1.246979289
21,1,1,2,44,4,5.25559776,1.31389944
21,1,1,2,45,3,4.502415016,1.500805005
22,1,2,0,1,3,2.955071479,0.985023826
22,1,2,0,2,4,5.216107742,1.304026936
22,1,2,0,3,2,2.272660018,1.136330009
22,1,2,0,4,4,5.393209657,1.348302414
22,1,2,0,5,3,3.204803836,1.068267945
22,1,2,0,6,4,5.290531814,1.322632954
22,1,2,0,7,4,5.647617473,1.411904368
22,1,2,0,9,2,2.071303364,1.035651682
22,1,2,0,10,2,2.026624979,1.01331249
22,1,2,0,11,2,2.203700927,1.101850464
22,1,2,0,12,3,3.296455739,1.09881858
22,1,2,0,13,2,2.146461954,1.073230977
22,1,2,0,14,3,3.586736373,1.195578791
22,1,2,0,15,3,3.846289019,1.28209634
22,1,2,2,31,4,3.720491733,0.930122933
22,1,2,2,32,3,2.658221743,0.886073914
22,1,2,2,33,3,2.692157481,0.897385827
22,1,2,2,34,3,2.628283263,0.876094421
22,1,2,2,35,3,2.872748947,0.957582982
22,1,2,2,36,4,4.430129099,1.107532275
22,1,2,2,37,2,1.868277351,0.934138676
22,1,2,2,38,2,2.230167009,1.115083505
22,1,2,2,39,4,4.145755301,1.036438825
22,1,2,2,40,3,3.324899822,1.108299941
22,1,2,2,41,2,2.040106004,1.020053002
22,1,2,2,42,4,4.091416544,1.022854136
22,1,2,2,43,4,4.88168819,1.220422048
22,1,2,2,44,2,1.667893527,0.833946764
22,1,2,2,45,2,2.375442274,1.187721137
23,1,2,0,1,4,3.187095992,0.796773998
23,1,2,0,2,4,3.998377438,0.99959436
23,1,2,0,3,4,3.315285707,0.828821427
23,1,2,0,4,4,3.583298263,0.895824566
23,1,2,0,5,2,1.505237215,0.752618608
23,1,2,0,6,2,1.724687929,0.862343965
23,1,2,0,7,3,2.692023547,0.897341182
23,1,2,0,8,4,3.313258832,0.828314708
23,1,2,0,9,2,1.632278792,0.816139396
23,1,2,0,10,3,2.45013528,0.81671176
23,1,2,0,11,3,2.748291946,0.916097315
23,1,2,0,12,2,1.751859635,0.875929818
23,1,2,0,13,2,1.743570261,0.871785131
23,1,2,0,14,3,3.02146596,1.00715532
23,1,2,0,15,3,3.194037374,1.064679125
23,1,2,2,31,4,3.320901876,0.830225469
23,1,2,2,32,4,3.660222557,0.915055639
23,1,2,2,33,3,2.62199199,0.87399733
23,1,2,2,34,4,3.844843768,0.961210942
23,1,2,2,35,3,2.512853158,0.837617719
23,1,2,2,36,3,2.881266841,0.96042228
23,1,2,2,37,2,1.805067611,0.902533806
23,1,2,2,38,3,2.491350898,0.830450299
23,1,2,2,39,4,3.243928458,0.810982115
23,1,2,2,40,4,3.876112782,0.969028196
23,1,2,2,41,2,1.745984388,0.872992194
23,1,2,2,42,3,2.761079757,0.920359919
23,1,2,2,43,2,1.597082557,0.798541279
23,1,2,2,44,2,1.704087554,0.852043777
23,1,2,2,45,2,1.713756307,0.856878154
24,1,1,0,1,2,1.573974828,0.786987414
24,1,1,0,2,2,1.52225111,0.761125555
24,1,1,0,3,2,0.993909191,0.496954596
24,1,1,0,4,4,3.130787105,0.782696776
24,1,1,0,5,2,1.325901784,0.662950892
24,1,1,0,6,4,3.107627132,0.776906783
24,1,1,0,7,2,1.25078904,0.62539452
24,1,1,0,8,3,2.077863272,0.692621091
24,1,1,0,9,3,2.383250089,0.794416696
24,1,1,0,10,4,3.281337216,0.820334304
24,1,1,0,11,3,2.104729723,0.701576574
24,1,1,0,12,4,2.936327196,0.734081799
24,1,1,0,13,3,1.969694574,0.656564858
24,1,1,0,14,3,1.940530886,0.646843629
24,1,1,0,15,4,3.193050786,0.798262697
24,1,1,2,31,4,3.910647323,0.977661831
24,1,1,2,32,2,2.230688153,1.115344077
24,1,1,2,33,2,1.981725464,0.990862732
24,1,1,2,34,3,3.119323126,1.039774375
24,1,1,2,35,4,3.908420518,0.97710513
24,1,1,2,36,4,3.975348951,0.993837238
24,1,1,2,37,2,1.707804737,0.853902369
24,1,1,2,38,3,2.875570995,0.958523665
24,1,1,2,39,2,1.840195438,0.920097719
24,1,1,2,40,2,1.908834882,0.954417441
24,1,1,2,41,3,2.845105503,0.948368501
24,1,1,2,42,3,2.667839589,0.889279863
24,1,1,2,43,3,2.93467902,0.97822634
24,1,1,2,44,4,3.782548957,0.945637239
24,1,1,2,45,4,3.874157332,0.968539333
25,1,2,0,1,3,2.291983797,0.763994599
25,1,2,0,2,3,2.341371272,0.780457091
25,1,2,0,3,2,1.136460555,0.568230278
25,1,2,0,4,3,2.144676462,0.714892154
25,1,2,0,5,3,2.095280863,0.698426954
25,1,2,0,6,2,1.271316962,0.635658481
25,1,2,0,7,2,1.25866119,0.629330595
25,1,2,0,8,3,2.237170739,0.74572358
25,1,2,0,9,4,2.82901921,0.707254803
25,1,2,0,10,2,1.248189332,0.624094666
25,1,2,0,11,2,1.159148212,0.579574106
25,1,2,0,12,4,2.756429611,0.689107403
25,1,2,0,13,4,2.648038518,0.66200963
25,1,2,0,14,4,2.74603021,0.686507553
25,1,2,0,15,4,2.345519762,0.586379941
25,1,2,2,31,4,2.229357475,0.557339369
25,1,2,2,32,2,1.139388356,0.569694178
25,1,2,2,33,4,2.48200428,0.62050107
25,1,2,2,34,3,1.601227925,0.533742642
25,1,2,2,35,2,0.986343015,0.493171508
25,1,2,2,36,3,1.802161952,0.600720651
25,1,2,2,37,3,1.870204094,0.623401365
25,1,2,2,38,3,1.698688409,0.56622947
25,1,2,2,39,3,1.798474321,0.59949144
25,1,2,2,40,4,2.466445346,0.616611337
25,1,2,2,41,2,1.180466631,0.590233316
25,1,2,2,42,2,1.185385242,0.592692621
25,1,2,2,43,4,2.401849249,0.600462312
25,1,2,2,44,2,1.078328802,0.539164401
25,1,2,2,45,4,2.408262719,0.60206568
26,1,1,0,1,2,1.823171897,0.911585949
26,1,1,0,2,4,3.05347878,0.763369695
26,1,1,0,3,4,3.310910383,0.827727596
26,1,1,0,4,4,3.684470573,0.921117643
26,1,1,0,5,4,3.53182705,0.882956763
26,1,1,0,6,2,1.624583654,0.812291827
26,1,1,0,7,4,3.749140483,0.937285121
26,1,1,0,8,2,1.834757719,0.91737886
26,1,1,0,9,3,2.392865276,0.797621759
26,1,1,0,10,3,2.678449389,0.892816463
26,1,1,0,11,3,2.969422169,0.98980739
26,1,1,0,12,2,1.674844593,0.837422297
26,1,1,0,13,2,1.937629786,0.968814893
26,1,1,0,14,3,3.610436001,1.203478667
26,1,1,0,15,3,2.827322198,0.942440733
26,1,1,2,31,3,4.191870445,1.397290148
26,1,1,2,32,2,2.647753405,1.323876703
26,1,1,2,33,3,4.561794548,1.520598183
26,1,1,2,34,3,4.278282493,1.426094164
26,1,1,2,35,2,2.546638592,1.273319296
26,1,1,2,36,2,2.933183785,1.466591893
26,1,1,2,37,3,4.237338113,1.412446038
26,1,1,2,38,3,3.839854004,1.279951335
26,1,1,2,39,4,5.695522097,1.423880524
26,1,1,2,40,2,2.773740962,1.386870481
26,1,1,2,41,4,4.593695768,1.148423942
26,1,1,2,42,4,4.585818811,1.146454703
26,1,1,2,43,4,5.161245794,1.290311449
26,1,1,2,44,2,2.416084137,1.208042069
26,1,1,2,45,4,5.039410955,1.259852739
27,1,1,0,1,3,3.322496977,1.107498992
27,1,1,0,2,4,3.986156421,0.996539105
27,1,1,0,3,3,2.179749803,0.726583268
27,1,1,0,4,4,3.727238002,0.931809501
27,1,1,0,5,4,3.798819538,0.949704885
27,1,1,0,6,3,2.142113987,0.714037996
27,1,1,0,7,2,1.299887815,0.649943908
27,1,1,0,8,4,4.003249926,1.000812482
27,1,1,0,9,2,1.175835786,0.587917893
27,1,1,0,10,2,1.39521044,0.69760522
27,1,1,0,11,4,3.781227273,0.945306818
27,1,1,0,12,3,2.776523536,0.925507845
27,1,1,0,13,3,2.694102158,0.898034053
27,1,1,0,14,2,1.260303903,0.630151952
27,1,1,0,15,2,1.573840619,0.78692031
27,1,1,2,31,2,2.915807982,1.457903991
27,1,1,2,32,2,2.608199863,1.304099932
27,1,1,2,33,4,4.819797162,1.204949291
27,1,1,2,34,3,4.180021933,1.393340644
27,1,1,2,35,4,5.045784389,1.261446097
27,1,1,2,36,3,3.456022729,1.152007576
27,1,1,2,37,4,5.373597078,1.34339927
27,1,1,2,38,4,6.189174244,1.547293561
27,1,1,2,39,3,3.35744548,1.119148493
27,1,1,2,40,3,3.06053585,1.020178617
27,1,1,2,41,2,2.331330159,1.16566508
27,1,1,2,42,3,3.84635266,1.282117553
27,1,1,2,43,4,5.477632393,1.369408098
27,1,1,2,44,2,2.608595946,1.304297973
27,1,1,2,45,2,2.835062718,1.417531359
28,1,2,0,1,4,3.987701482,0.996925371
28,1,2,0,2,2,2.409145078,1.204572539
28,1,2,0,3,2,2.364635428,1.182317714
28,1,2,0,6,3,3.923704425,1.307901475
28,1,2,0,7,4,4.742120783,1.185530196
28,1,2,0,8,3,3.439698382,1.146566127
28,1,2,0,9,3,3.877677281,1.292559094
28,1,2,0,10,2,2.369592194,1.184796097
28,1,2,0,11,3,3.362712758,1.120904253
28,1,2,0,12,4,4.804262331,1.201065583
28,1,2,0,13,3,3.395171703,1.131723901
28,1,2,0,14,4,4.27072911,1.067682278
28,1,2,0,15,4,4.792701874,1.198175469
28,1,2,2,31,4,3.487764675,0.871941169
28,1,2,2,32,4,3.735466724,0.933866681
28,1,2,2,33,3,3.12011883,1.04003961
28,1,2,2,34,4,4.004934087,1.001233522
28,1,2,2,35,4,4.002006444,1.000501611
28,1,2,2,36,4,4.029860171,1.007465043
28,1,2,2,37,3,2.975187474,0.991729158
28,1,2,2,38,3,3.459464937,1.153154979
28,1,2,2,39,2,2.15598023,1.077990115
28,1,2,2,40,3,3.249388638,1.083129546
28,1,2,2,41,3,3.14084024,1.046946747
28,1,2,2,42,2,2.200227873,1.100113937
28,1,2,2,43,2,2.220840462,1.110420231
28,1,2,2,44,2,2.065539689,1.032769845
28,1,2,2,45,2,2.138730207,1.069365104
29,1,1,0,1,4,2.499961548,0.624990387
29,1,1,0,2,3,1.840091396,0.613363799
29,1,1,0,3,2,1.075488483,0.537744242
29,1,1,0,4,4,2.872302016,0.718075504
29,1,1,0,5,3,2.035046329,0.678348776
29,1,1,0,6,4,2.750385311,0.687596328
29,1,1,0,7,2,1.215579302,0.607789651
29,1,1,0,8,3,1.725448931,0.575149644
29,1,1,0,9,3,1.822832144,0.607610715
29,1,1,0,10,2,1.268677405,0.634338703
29,1,1,0,11,3,1.860369681,0.620123227
29,1,1,0,12,2,1.425129707,0.712564854
29,1,1,0,13,2,1.309981466,0.654990733
29,1,1,0,14,4,2.60602224,0.65150556
29,1,1,0,15,4,2.659558636,0.664889659
29,1,1,2,31,4,4.193564169,1.048391042
29,1,1,2,32,2,2.22421184,1.11210592
29,1,1,2,33,2,2.211507957,1.105753979
29,1,1,2,34,4,3.640670053,0.910167513
29,1,1,2,35,3,2.779024758,0.926341586
29,1,1,2,36,3,2.808333638,0.936111213
29,1,1,2,37,3,2.721760586,0.907253529
29,1,1,2,38,4,3.647419209,0.911854802
29,1,1,2,39,2,2.153253645,1.076626823
29,1,1,2,40,2,1.858162285,0.929081143
29,1,1,2,41,3,2.735559457,0.911853152
29,1,1,2,42,3,2.748498182,0.916166061
29,1,1,2,43,4,3.534533328,0.883633332
29,1,1,2,44,4,3.490723962,0.872680991
29,1,1,2,45,2,1.823800106,0.911900053
30,1,2,0,1,4,4.242967412,1.060741853
30,1,2,0,2,2,2.772052222,1.386026111
30,1,2,0,3,2,3.347981457,1.673990729
30,1,2,0,4,2,2.89605831,1.448029155
30,1,2,0,6,4,5.907641802,1.476910451
30,1,2,0,7,2,2.99149149,1.495745745
30,1,2,0,8,3,4.29193463,1.430644877
30,1,2,0,9,3,4.631556625,1.543852208
30,1,2,0,10,4,5.733854543,1.433463636
30,1,2,0,11,4,5.224025092,1.306006273
30,1,2,0,12,4,5.44386888,1.36096722
30,1,2,0,13,3,4.579294424,1.526431475
30,1,2,0,14,3,4.157262668,1.385754223
30,1,2,0,15,3,3.643973942,1.214657981
30,1,2,2,31,4,4.325177902,1.081294476
30,1,2,2,32,4,4.823852694,1.205963174
30,1,2,2,33,4,4.368737308,1.092184327
30,1,2,2,34,2,2.856959041,1.428479521
30,1,2,2,35,2,2.934968435,1.467484218
30,1,2,2,36,4,4.634763755,1.158690939
30,1,2,2,37,2,3.016386876,1.508193438
30,1,2,2,38,2,2.906762406,1.453381203
30,1,2,2,39,3,3.56370844,1.187902813
30,1,2,2,40,3,4.001183203,1.333727734
30,1,2,2,41,2,2.979120678,1.489560339
30,1,2,2,42,4,4.524228522,1.131057131
30,1,2,2,43,3,3.768966736,1.256322245
30,1,2,2,44,3,4.251591915,1.417197305
30,1,2,2,45,3,4.191105786,1.397035262
31,1,1,0,1,4,3.338470596,0.834617649
31,1,1,0,2,2,1.669334582,0.834667291
31,1,1,0,3,2,1.484906319,0.74245316
31,1,1,0,4,4,3.927370908,0.981842727
31,1,1,0,5,3,2.430808389,0.810269463
31,1,1,0,6,3,2.535693452,0.845231151
31,1,1,0,7,4,3.479126485,0.869781621
31,1,1,0,8,2,1.681399352,0.840699676
31,1,1,0,9,2,1.565239089,0.782619545
31,1,1,0,10,4,3.760099448,0.940024862
31,1,1,0,11,4,3.465743033,0.866435758
31,1,1,0,12,2,1.735860705,0.867930353
31,1,1,0,13,3,2.622754545,0.874251515
31,1,1,0,14,3,2.956071158,0.985357053
31,1,1,0,15,3,2.390650471,0.79688349
31,1,1,2,31,4,3.86378306,0.965945765
31,1,1,2,32,3,2.938608222,0.979536074
31,1,1,2,33,3,2.70310539,0.90103513
31,1,1,2,34,4,3.92998624,0.98249656
31,1,1,2,35,3,2.843337689,0.94777923
31,1,1,2,36,3,2.613462068,0.871154023
31,1,1,2,37,2,1.919638163,0.959819082
31,1,1,2,38,4,3.929705029,0.982426257
31,1,1,2,39,3,2.736404994,0.912134998
31,1,1,2,40,2,1.990887579,0.99544379
31,1,1,2,41,2,2.164415833,1.082207917
31,1,1,2,42,2,2.396594907,1.198297454
31,1,1,2,43,2,2.181154398,1.090577199
31,1,1,2,44,4,3.780452838,0.94511321
31,1,1,2,45,4,4.295967838,1.07399196
32,1,1,0,1,3,2.093319677,0.697773226
32,1,1,0,2,2,1.290234983,0.645117492
32,1,1,0,3,2,1.836696857,0.918348429
32,1,1,0,4,2,1.536403643,0.768201822
32,1,1,0,5,2,1.634215557,0.817107779
32,1,1,0,6,4,3.156226974,0.789056744
32,1,1,0,7,4,3.388497364,0.847124341
32,1,1,0,8,3,2.434179303,0.811393101
32,1,1,0,9,3,2.169729793,0.723243264
32,1,1,0,10,2,1.489503143,0.744751572
32,1,1,0,11,3,2.959030696,0.986343565
32,1,1,0,12,3,2.527121969,0.84237399
32,1,1,0,13,4,3.578887385,0.894721846
32,1,1,0,14,4,3.661396913,0.915349228
32,1,1,0,15,4,3.635764913,0.908941228
32,1,1,2,31,3,4.767003228,1.589001076
32,1,1,2,32,2,3.171966161,1.585983081
32,1,1,2,33,4,5.559752515,1.389938129
32,1,1,2,34,2,2.835296223,1.417648112
32,1,1,2,35,3,4.105982548,1.368660849
32,1,1,2,36,2,2.737475829,1.368737915
32,1,1,2,37,3,4.629034879,1.543011626
32,1,1,2,38,4,5.494506866,1.373626717
32,1,1,2,39,4,5.306169193,1.326542298
32,1,1,2,40,4,5.506029716,1.376507429
32,1,1,2,41,2,2.819231937,1.409615969
32,1,1,2,42,2,3.217035908,1.608517954
32,1,1,2,45,4,5.972488303,1.493122076
33,1,2,0,2,2,1.544365128,0.772182564
33,1,2,0,3,2,1.725203515,0.862601758
33,1,2,0,4,2,2.007393214,1.003696607
33,1,2,0,5,2,2.14600944,1.07300472
33,1,2,0,6,3,3.7126599,1.2375533
33,1,2,0,7,3,3.387496595,1.129165532
33,1,2,0,8,2,1.708657399,0.8543287
33,1,2,0,9,4,4.208801893,1.052200473
33,1,2,0,10,3,3.027970147,1.009323382
33,1,2,0,11,3,3.011961989,1.00398733
33,1,2,0,12,4,4.100297626,1.025074407
33,1,2,0,13,4,4.361451832,1.090362958
33,1,2,0,14,4,4.42233959,1.105584898
33,1,2,0,15,4,4.412673472,1.103168368
33,1,2,2,31,4,3.102891442,0.775722861
33,1,2,2,32,4,3.602649594,0.900662399
33,1,2,2,33,2,1.558184265,0.779092133
33,1,2,2,34,4,3.549821177,0.887455294
33,1,2,2,35,4,2.778436193,0.694609048
33,1,2,2,36,2,1.555706453,0.777853227
33,1,2,2,37,3,2.498952929,0.83298431
33,1,2,2,38,2,1.702996725,0.851498363
33,1,2,2,39,2,1.607226883,0.803613442
33,1,2,2,40,3,2.411056514,0.803685505
33,1,2,2,41,2,1.690267852,0.845133926
33,1,2,2,42,4,3.143011924,0.785752981
33,1,2,2,43,3,2.663211712,0.887737237
33,1,2,2,44,3,2.378261397,0.792753799
33,1,2,2,45,3,2.94241136,0.980803787
34,1,2,0,1,3,2.0057242,0.668574733
34,1,2,0,2,3,2.763265153,0.921088384
34,1,2,0,3,2,1.29000134,0.64500067
34,1,2,0,4,4,3.340537231,0.835134308
34,1,2,0,5,4,3.274050601,0.81851265
34,1,2,0,6,2,1.575713681,0.787856841
34,1,2,0,7,2,1.857767797,0.928883899
34,1,2,0,8,4,3.48413152,0.87103288
34,1,2,0,9,3,2.429568191,0.809856064
34,1,2,0,10,4,3.257232819,0.814308205
34,1,2,0,11,2,1.624250976,0.812125488
34,1,2,0,12,3,2.582122281,0.860707427
34,1,2,0,13,3,2.641901561,0.880633854
34,1,2,0,14,2,1.594020992,0.797010496
34,1,2,0,15,4,3.823067809,0.955766952
34,1,2,2,31,3,1.821166016,0.607055339
34,1,2,2,32,4,3.145577061,0.786394265
34,1,2,2,33,2,1.894727457,0.947363729
34,1,2,2,34,2,1.764548817,0.882274409
34,1,2,2,35,2,1.663610714,0.831805357
34,1,2,2,36,3,2.852114029,0.950704676
34,1,2,2,37,2,1.36428375,0.682141875
34,1,2,2,38,2,1.82358335,0.911791675
34,1,2,2,39,4,3.537810847,0.884452712
34,1,2,2,40,4,3.2651488,0.8162872
34,1,2,2,41,3,2.578692984,0.859564328
34,1,2,2,42,4,3.549525986,0.887381497
34,1,2,2,43,4,4.152725618,1.038181405
34,1,2,2,44,3,2.734481344,0.911493781
34,1,2,2,45,3,2.642943764,0.880981255
35,1,2,0,1,4,2.992225474,0.748056369
35,1,2,0,2,3,1.699064432,0.566354811
35,1,2,0,3,4,2.494112495,0.623528124
35,1,2,0,6,3,1.830005559,0.610001853
35,1,2,0,7,2,1.413147598,0.706573799
35,1,2,0,8,2,1.561375821,0.780687911
35,1,2,0,9,3,2.410957335,0.803652445
35,1,2,0,10,3,2.098138873,0.699379624
35,1,2,0,11,4,2.944068273,0.736017068
35,1,2,0,12,4,2.841723838,0.71043096
35,1,2,0,13,2,1.505340088,0.752670044
35,1,2,0,14,2,1.677607119,0.83880356
35,1,2,0,15,2,1.680818138,0.840409069
35,1,2,2,31,3,1.93880721,0.64626907
35,1,2,2,32,4,2.483686714,0.620921679
35,1,2,2,33,3,1.94912895,0.64970965
35,1,2,2,34,4,2.71726855,0.679317138
35,1,2,2,35,2,1.280303442,0.640151721
35,1,2,2,36,2,1.708044237,0.854022119
35,1,2,2,37,2,1.444610439,0.72230522
35,1,2,2,38,2,1.629038306,0.814519153
35,1,2,2,39,3,2.200050387,0.733350129
35,1,2,2,40,2,1.461365102,0.730682551
35,1,2,2,41,4,2.78113232,0.69528308
35,1,2,2,42,4,3.009747885,0.752436971
35,1,2,2,43,4,2.808882833,0.702220708
35,1,2,2,44,3,2.137632983,0.712544328
35,1,2,2,45,3,2.045435764,0.681811921
36,1,1,0,1,4,3.252887276,0.813221819
36,1,1,0,2,4,3.398074927,0.849518732
36,1,1,0,3,4,3.379008033,0.844752008
36,1,1,0,4,4,3.657259254,0.914314814
36,1,1,0,5,3,2.399300842,0.799766947
36,1,1,0,6,3,2.569893853,0.856631284
36,1,1,0,7,2,1.50494403,0.752472015
36,1,1,0,8,3,2.464308222,0.821436074
36,1,1,0,9,4,3.343769513,0.835942378
36,1,1,0,10,3,2.244757068,0.748252356
36,1,1,0,11,2,1.57315816,0.78657908
36,1,1,0,12,2,1.554386018,0.777193009
36,1,1,0,13,3,2.85365827,0.951219423
36,1,1,0,14,2,1.807223109,0.903611555
36,1,1,0,15,2,1.791442901,0.895721451
36,1,1,2,31,3,3.618633769,1.206211256
36,1,1,2,32,3,3.650378826,1.216792942
36,1,1,2,33,4,4.404780005,1.101195001
36,1,1,2,34,2,2.124384685,1.062192343
36,1,1,2,35,2,2.354139086,1.177069543
36,1,1,2,36,3,3.309909499,1.103303166
36,1,1,2,37,3,2.894941988,0.964980663
36,1,1,2,38,4,4.173762367,1.043440592
36,1,1,2,39,2,1.90167687,0.950838435
36,1,1,2,40,4,3.742526576,0.935631644
36,1,1,2,41,2,1.954108764,0.977054382
36,1,1,2,42,4,3.928364878,0.98209122
36,1,1,2,43,3,3.027204871,1.00906829
36,1,1,2,44,2,1.77606923,0.888034615
36,1,1,2,45,4,4.050116425,1.012529106
37,1,2,0,1,2,1.778103024,0.889051512
37,1,2,0,2,3,2.852919051,0.950973017
37,1,2,0,3,3,3.193861791,1.064620597
37,1,2,0,4,4,3.94652837,0.986632093
37,1,2,0,5,3,2.831483909,0.94382797
37,1,2,0,6,4,3.631269822,0.907817456
37,1,2,0,7,2,1.812812185,0.906406093
37,1,2,0,8,4,3.650575679,0.91264392
37,1,2,0,9,3,2.715383733,0.905127911
37,1,2,0,10,3,2.818526766,0.939508922
37,1,2,0,11,2,1.743991317,0.871995659
37,1,2,0,12,2,1.74654886,0.87327443
37,1,2,0,13,2,1.871912899,0.93595645
37,1,2,0,14,4,4.045293273,1.011323318
37,1,2,0,15,4,3.986771293,0.996692823
37,1,2,2,31,3,2.556445777,0.852148592
37,1,2,2,32,4,3.307515781,0.826878945
37,1,2,2,33,4,3.576615107,0.894153777
37,1,2,2,34,4,3.469018406,0.867254602
37,1,2,2,35,2,1.780066649,0.890033325
37,1,2,2,36,2,1.946741845,0.973370923
37,1,2,2,37,3,2.67540693,0.89180231
37,1,2,2,38,4,3.751246843,0.937811711
37,1,2,2,39,4,3.41446336,0.85361584
37,1,2,2,40,2,1.995331572,0.997665786
37,1,2,2,41,2,1.820177959,0.91008898
37,1,2,2,42,2,1.879124408,0.939562204
37,1,2,2,43,3,2.828151012,0.942717004
37,1,2,2,44,3,2.802014544,0.934004848
37,1,2,2,45,3,2.86471063,0.954903543
38,1,1,0,1,3,3.149765556,1.049921852
38,1,1,0,2,4,4.219373673,1.054843418
38,1,1,0,3,4,3.858617654,0.964654414
38,1,1,0,4,3,3.035160336,1.011720112
38,1,1,0,5,3,3.170501553,1.056833851
38,1,1,0,6,2,1.879300862,0.939650431
38,1,1,0,7,3,3.032675362,1.010891787
38,1,1,0,8,2,1.713380013,0.856690007
38,1,1,0,9,3,2.929619813,0.976539938
38,1,1,0,10,2,1.9929541,0.99647705
38,1,1,0,11,2,2.029341548,1.014670774
38,1,1,0,12,4,5.260963231,1.315240808
38,1,1,0,13,2,2.037127826,1.018563913
38,1,1,0,14,4,5.037490747,1.259372687
38,1,1,0,15,4,4.835441533,1.208860383
38,1,1,2,31,4,5.436334192,1.359083548
38,1,1,2,32,4,5.343534199,1.33588355
38,1,1,2,33,3,3.804051123,1.268017041
38,1,1,2,34,3,3.364800351,1.121600117
38,1,1,2,35,4,5.280850972,1.320212743
38,1,1,2,36,2,2.418474902,1.209237451
38,1,1,2,37,4,5.165658112,1.291414528
38,1,1,2,38,2,2.821230056,1.410615028
38,1,1,2,39,2,2.816768924,1.408384462
38,1,1,2,40,3,3.65244819,1.21748273
38,1,1,2,41,3,3.781779456,1.260593152
38,1,1,2,42,2,2.639035381,1.319517691
38,1,1,2,43,4,6.045799057,1.511449764
38,1,1,2,44,2,2.551011094,1.275505547
38,1,1,2,45,3,4.316701544,1.438900515
39,1,1,0,1,3,2.832463724,0.944154575
39,1,1,0,2,2,1.91294765,0.956473825
39,1,1,0,3,4,3.752496268,0.938124067
39,1,1,0,4,4,2.945707325,0.736426831
39,1,1,0,5,2,1.950296199,0.9751481
39,1,1,0,6,2,1.968226299,0.98411315
39,1,1,0,7,3,2.839427138,0.946475713
39,1,1,0,8,3,2.732350817,0.910783606
39,1,1,0,9,3,2.704516814,0.901505605
39,1,1,0,10,2,1.906729524,0.953364762
39,1,1,0,11,3,2.909490666,0.969830222
39,1,1,0,12,4,3.945107795,0.986276949
39,1,1,0,13,2,2.067447204,1.033723602
39,1,1,0,14,4,3.862162533,0.965540633
39,1,1,0,15,4,3.794326886,0.948581722
39,1,1,2,31,3,3.572885817,1.190961939
39,1,1,2,32,4,3.843303152,0.960825788
39,1,1,2,33,2,2.440056427,1.220028214
39,1,1,2,34,4,3.936942257,0.984235564
39,1,1,2,35,2,2.561785189,1.280892595
39,1,1,2,36,4,4.137476585,1.034369146
39,1,1,2,37,3,2.947414748,0.982471583
39,1,1,2,38,3,3.206664014,1.068888005
39,1,1,2,39,2,2.193891728,1.096945864
39,1,1,2,40,3,3.148608248,1.049536083
39,1,1,2,41,3,3.256150576,1.085383525
39,1,1,2,42,2,2.291971972,1.145985986
39,1,1,2,43,4,4.24899677,1.062249193
39,1,1,2,44,4,3.938603046,0.984650762
39,1,1,2,45,2,2.484845134,1.242422567
40,1,2,0,1,3,2.180597655,0.726865885
40,1,2,0,2,2,1.403620222,0.701810111
40,1,2,0,3,2,1.692556633,0.846278317
40,1,2,0,4,4,3.186758753,0.796689688
40,1,2,0,5,2,1.760377246,0.880188623
40,1,2,0,6,3,2.355506574,0.785168858
40,1,2,0,7,4,3.336506829,0.834126707
40,1,2,0,8,3,2.300638431,0.766879477
40,1,2,0,9,4,3.09131266,0.772828165
40,1,2,0,10,2,1.428236215,0.714118108
40,1,2,0,11,4,3.473460741,0.868365185
40,1,2,0,12,4,3.442239492,0.860559873
40,1,2,0,13,2,1.427272844,0.713636422
40,1,2,0,14,3,2.281121488,0.760373829
40,1,2,0,15,3,2.19449263,0.731497543
40,1,2,2,31,2,1.684371967,0.842185984
40,1,2,2,32,2,1.508938921,0.754469461
40,1,2,2,33,4,2.461503543,0.615375886
40,1,2,2,34,2,1.765904397,0.882952199
40,1,2,2,35,4,2.875198649,0.718799662
40,1,2,2,36,4,2.755768756,0.688942189
40,1,2,2,37,3,2.05932967,0.686443223
40,1,2,2,38,3,1.956923195,0.652307732
40,1,2,2,39,2,1.236349675,0.618174838
40,1,2,2,40,3,1.983741018,0.661247006
40,1,2,2,41,3,2.131916943,0.710638981
40,1,2,2,42,3,1.944983732,0.648327911
40,1,2,2,43,4,3.059823432,0.764955858
40,1,2,2,44,2,1.322035412,0.661017706
40,1,2,2,45,4,2.993111738,0.748277935
42,0,0,0,1,4,3.57925567,0.894813918
42,0,0,0,2,2,1.979934609,0.989967305
42,0,0,0,3,2,2.097974041,1.048987021
42,0,0,0,4,2,2.47723876,1.23861938
42,0,0,0,5,3,3.318302978,1.106100993
42,0,0,0,6,4,4.833213289,1.208303322
42,0,0,0,7,4,5.176279899,1.294069975
42,0,0,0,8,2,2.333163671,1.166581836
42,0,0,0,9,4,4.922601496,1.230650374
42,0,0,0,10,4,4.752128963,1.188032241
42,0,0,0,11,2,1.90320688,0.95160344
42,0,0,0,12,3,3.87990989,1.293303297
42,0,0,0,13,3,4.454725416,1.484908472
42,0,0,0,14,3,3.775942646,1.258647549
42,0,0,0,15,3,3.664830735,1.221610245
42,0,0,2,31,4,4.71125234,1.177813085
42,0,0,2,32,4,4.980248077,1.245062019
42,0,0,2,33,3,3.577596412,1.192532137
42,0,0,2,34,4,5.008054107,1.252013527
42,0,0,2,35,4,5.286255077,1.321563769
42,0,0,2,36,2,2.484112929,1.242056465
42,0,0,2,37,4,5.031884309,1.257971077
42,0,0,2,38,3,3.875529448,1.291843149
42,0,0,2,39,3,3.978897955,1.326299318
42,0,0,2,40,3,3.846014343,1.282004781
42,0,0,2,41,3,3.929589598,1.309863199
42,0,0,2,42,2,2.599263935,1.299631968
42,0,0,2,43,2,2.481521713,1.240760857
42,0,0,2,44,2,2.246221067,1.123110534
42,0,0,2,45,2,2.394672837,1.197336419
43,0,0,0,1,3,2.253169741,0.75105658
43,0,0,0,2,4,3.465968388,0.866492097
43,0,0,0,3,4,3.412244574,0.853061144
43,0,0,0,4,4,3.366227275,0.841556819
43,0,0,0,5,3,2.194041632,0.731347211
43,0,0,0,6,2,1.49810894,0.74905447
43,0,0,0,7,3,2.515106271,0.838368757
43,0,0,0,8,2,1.48753922,0.74376961
43,0,0,0,9,4,3.61335344,0.90333836
43,0,0,0,10,3,2.349324395,0.783108132
43,0,0,0,11,4,3.416344255,0.854086064
43,0,0,0,12,2,1.430827484,0.715413742
43,0,0,0,13,2,1.652987639,0.82649382
43,0,0,0,14,2,1.482522703,0.741261352
43,0,0,0,15,3,2.963137359,0.987712453
43,0,0,2,31,3,2.614158414,0.871386138
43,0,0,2,32,2,1.671193388,0.835596694
43,0,0,2,33,4,3.707599898,0.926899975
43,0,0,2,34,3,2.546978198,0.848992733
43,0,0,2,35,2,1.595738853,0.797869427
43,0,0,2,36,2,1.75181433,0.875907165
43,0,0,2,37,4,3.941894976,0.985473744
43,0,0,2,38,3,2.56779763,0.855932543
43,0,0,2,39,3,2.929939536,0.976646512
43,0,0,2,40,3,3.066345229,1.022115076
43,0,0,2,41,2,1.791254185,0.895627093
43,0,0,2,42,2,1.773643565,0.886821783
43,0,0,2,43,4,3.63155234,0.907888085
43,0,0,2,44,4,3.538492083,0.884623021
43,0,0,2,45,4,3.669702715,0.917425679
44,0,0,0,1,4,3.430235826,0.857558957
44,0,0,0,2,3,2.228650947,0.742883649
44,0,0,0,3,3,2.279741884,0.759913961
44,0,0,0,4,4,3.339032021,0.834758005
44,0,0,0,5,2,1.265540165,0.632770083
44,0,0,0,6,3,1.998465704,0.666155235
44,0,0,0,7,2,1.205899771,0.602949886
44,0,0,0,8,4,3.402161765,0.850540441
44,0,0,0,9,4,3.093437573,0.773359393
44,0,0,0,10,2,1.273733946,0.636866973
44,0,0,0,11,4,3.161735414,0.790433854
44,0,0,0,12,2,1.215758129,0.607879065
44,0,0,0,13,3,2.403170813,0.801056938
44,0,0,0,14,3,1.908187877,0.636062626
44,0,0,0,15,2,1.19991884,0.59995942
44,0,0,2,31,4,3.29215878,0.823039695
44,0,0,2,32,4,3.332066978,0.833016745
44,0,0,2,33,3,2.028899643,0.676299881
44,0,0,2,34,3,2.237472697,0.745824232
44,0,0,2,35,3,2.336153664,0.778717888
44,0,0,2,36,2,1.097704872,0.548852436
44,0,0,2,37,4,3.413276348,0.853319087
44,0,0,2,39,2,1.505710872,0.752855436
44,0,0,2,40,3,2.507856999,0.835952333
44,0,0,2,41,3,2.268215018,0.756071673
44,0,0,2,42,2,1.477224585,0.738612293
44,0,0,2,43,2,1.462568633,0.731284317
44,0,0,2,45,4,3.748915445,0.937228861
45,0,0,0,1,2,1.610045256,0.805022628
45,0,0,0,2,2,1.447963436,0.723981718
45,0,0,0,3,2,1.658788537,0.829394269
45,0,0,0,4,2,1.688051623,0.844025812
45,0,0,0,5,3,2.608949625,0.869649875
45,0,0,0,6,4,3.716282918,0.92907073
45,0,0,0,7,2,1.382520068,0.691260034
45,0,0,0,8,4,3.46924224,0.86731056
45,0,0,0,9,4,3.251826143,0.812956536
45,0,0,0,10,4,3.507210494,0.876802624
45,0,0,0,11,3,2.626662265,0.875554088
45,0,0,0,12,4,3.549293193,0.887323298
45,0,0,0,13,3,2.708417493,0.902805831
45,0,0,0,14,3,2.78384282,0.927947607
45,0,0,0,15,3,2.707714102,0.902571367
45,0,0,2,31,2,2.124517719,1.06225886
45,0,0,2,32,4,3.843607405,0.960901851
45,0,0,2,33,3,2.842229203,0.947409734
45,0,0,2,34,4,3.953639981,0.988409995
45,0,0,2,35,2,1.775296033,0.887648017
45,0,0,2,36,4,3.699612577,0.924903144
45,0,0,2,37,2,1.867568236,0.933784118
45,0,0,2,38,3,2.885974095,0.961991365
45,0,0,2,39,2,1.753718389,0.876859195
45,0,0,2,40,3,2.893404067,0.964468022
45,0,0,2,41,3,2.980592252,0.993530751
45,0,0,2,42,4,3.810259722,0.952564931
45,0,0,2,43,2,2.055578767,1.027789384
45,0,0,2,44,3,2.932213906,0.977404635
45,0,0,2,45,4,3.955738394,0.988934599
46,0,0,0,1,2,1.569003836,0.784501918
46,0,0,0,2,3,3.253670051,1.084556684
46,0,0,0,3,4,4.120064799,1.0300162
46,0,0,0,4,4,3.600379244,0.900094811
46,0,0,0,5,3,2.247042373,0.749014124
46,0,0,0,6,3,2.878812436,0.959604145
46,0,0,0,7,2,1.769732884,0.884866442
46,0,0,0,8,3,3.478717344,1.159572448
46,0,0,0,9,3,2.557328374,0.852442791
46,0,0,0,10,4,4.259288254,1.064822064
46,0,0,0,11,4,3.673553882,0.918388471
46,0,0,0,12,2,1.733047479,0.86652374
46,0,0,0,13,2,2.014144089,1.007072045
46,0,0,0,14,2,2.14411019,1.072055095
46,0,0,0,15,4,4.427890621,1.106972655
46,0,0,2,31,2,2.112773319,1.05638666
46,0,0,2,32,2,2.288586141,1.144293071
46,0,0,2,33,3,3.154376832,1.051458944
46,0,0,2,34,2,1.909728048,0.954864024
46,0,0,2,35,2,1.996813403,0.998406702
46,0,0,2,36,3,3.544389622,1.181463207
46,0,0,2,37,2,2.068213315,1.034106658
46,0,0,2,38,4,4.74721583,1.186803958
46,0,0,2,39,4,4.791098187,1.197774547
46,0,0,2,40,4,4.61291063,1.153227658
46,0,0,2,41,4,4.555949161,1.13898729
46,0,0,2,42,3,3.10042776,1.03347592
46,0,0,2,43,3,3.296009602,1.098669867
46,0,0,2,44,3,3.54136256,1.180454187
46,0,0,2,45,4,5.043353913,1.260838478
47,0,0,0,1,4,4.062520781,1.015630195
47,0,0,0,2,3,2.615257845,0.871752615
47,0,0,0,3,2,1.37912228,0.68956114
47,0,0,0,4,2,1.389933972,0.694966986
47,0,0,0,5,3,2.643062317,0.881020772
47,0,0,0,6,4,3.745218385,0.936304596
47,0,0,0,7,2,1.432879287,0.716439644
47,0,0,0,8,3,2.604273721,0.86809124
47,0,0,0,9,4,3.633839408,0.908459852
47,0,0,0,10,4,3.054692658,0.763673165
47,0,0,0,11,4,3.511580324,0.877895081
47,0,0,0,12,2,1.593017464,0.796508732
47,0,0,0,13,2,1.727560664,0.863780332
47,0,0,0,14,3,3.033946536,1.011315512
47,0,0,0,15,3,3.017448048,1.005816016
47,0,0,2,31,2,1.561702328,0.780851164
47,0,0,2,32,3,2.771811436,0.923937145
47,0,0,2,33,2,1.647340005,0.823670003
47,0,0,2,34,4,3.75930696,0.93982674
47,0,0,2,35,3,2.665165794,0.888388598
47,0,0,2,36,3,2.682540795,0.894180265
47,0,0,2,37,2,1.542585184,0.771292592
47,0,0,2,38,4,3.478516279,0.86962907
47,0,0,2,39,4,3.743377411,0.935844353
47,0,0,2,40,3,2.515587225,0.838529075
47,0,0,2,41,2,1.631340155,0.815670078
47,0,0,2,42,2,1.576400496,0.788200248
47,0,0,2,43,3,2.77376416,0.924588053
47,0,0,2,44,4,3.845600317,0.961400079
47,0,0,2,45,4,3.777457695,0.944364424
48,0,0,0,1,3,2.604582815,0.868194272
48,0,0,0,2,3,2.797831641,0.932610547
48,0,0,0,3,4,3.221297329,0.805324332
48,0,0,0,4,3,2.401512052,0.800504017
48,0,0,0,5,3,2.264281509,0.754760503
48,0,0,0,6,3,2.493998187,0.831332729
48,0,0,0,7,2,1.518944494,0.759472247
48,0,0,0,8,4,3.290453078,0.82261327
48,0,0,0,9,2,1.664048317,0.832024159
48,0,0,0,10,4,3.28665712,0.82166428
48,0,0,0,11,2,1.494554778,0.747277389
48,0,0,0,12,4,3.418836183,0.854709046
48,0,0,0,13,4,3.441328994,0.860332249
48,0,0,0,14,2,1.717756435,0.858878218
48,0,0,0,15,2,1.557127586,0.778563793
48,0,0,2,31,2,1.872394772,0.936197386
48,0,0,2,32,3,2.744642096,0.914880699
48,0,0,2,33,3,2.822075962,0.940691987
48,0,0,2,34,3,2.503154645,0.834384882
48,0,0,2,35,2,1.793585626,0.896792813
48,0,0,2,36,2,1.700774226,0.850387113
48,0,0,2,37,3,2.595527501,0.865175834
48,0,0,2,38,3,2.882527086,0.960842362
48,0,0,2,39,2,1.706090973,0.853045487
48,0,0,2,40,4,3.794866111,0.948716528
48,0,0,2,41,4,3.722992954,0.930748239
48,0,0,2,42,4,3.008847048,0.752211762
48,0,0,2,43,2,1.498421219,0.74921061
48,0,0,2,44,4,3.570992616,0.892748154
48,0,0,2,45,4,3.902382379,0.975595595
49,0,0,0,1,4,3.482266097,0.870566524
49,0,0,0,2,2,1.410450787,0.705225394
49,0,0,0,3,4,3.339998122,0.834999531
49,0,0,0,4,4,3.096359685,0.774089921
49,0,0,0,5,2,1.507022749,0.753511375
49,0,0,0,6,4,3.215160566,0.803790142
49,0,0,0,7,2,1.360386647,0.680193324
49,0,0,0,8,3,2.010587657,0.670195886
49,0,0,0,9,2,1.422451139,0.71122557
49,0,0,0,10,3,2.236233227,0.745411076
49,0,0,0,11,4,3.447825325,0.861956331
49,0,0,0,12,2,1.47895945,0.739479725
49,0,0,0,13,3,2.121414659,0.70713822
49,0,0,0,14,3,2.170129146,0.723376382
49,0,0,0,15,3,2.194054378,0.731351459
49,0,0,2,31,2,1.917281967,0.958640984
49,0,0,2,32,4,3.388881899,0.847220475
49,0,0,2,33,4,3.351997547,0.837999387
49,0,0,2,34,2,1.601754449,0.800877225
49,0,0,2,35,3,2.243183351,0.747727784
49,0,0,2,36,2,1.533697511,0.766848756
49,0,0,2,37,4,3.423803609,0.855950902
49,0,0,2,38,3,2.252384987,0.750794996
49,0,0,2,39,3,2.294855505,0.764951835
49,0,0,2,40,3,2.40784324,0.802614413
49,0,0,2,41,4,3.349465327,0.837366332
49,0,0,2,42,3,1.975822543,0.658607514
49,0,0,2,43,4,3.503438333,0.875859583
49,0,0,2,44,2,1.356163469,0.678081735
49,0,0,2,45,2,1.525013057,0.762506529
50,0,0,0,1,2,1.771569752,0.885784876
50,0,0,0,2,4,3.926376159,0.98159404
50,0,0,0,3,2,1.714436535,0.857218268
50,0,0,0,4,4,3.901887281,0.97547182
50,0,0,0,5,3,2.829220377,0.943073459
50,0,0,0,6,3,2.842156326,0.947385442
50,0,0,0,7,4,3.59770155,0.899425388
50,0,0,0,8,3,2.793863319,0.931287773
50,0,0,0,9,2,1.616484363,0.808242182
50,0,0,0,10,2,1.613844888,0.806922444
50,0,0,0,11,3,2.53361383,0.844537943
50,0,0,0,12,2,1.726017215,0.863008608
50,0,0,0,13,3,3.1828789,1.060959633
50,0,0,0,14,4,4.380495478,1.09512387
50,0,0,0,15,4,4.437140713,1.109285178
50,0,0,2,31,4,4.404295208,1.101073802
50,0,0,2,32,3,3.131389215,1.043796405
50,0,0,2,33,4,4.1424286,1.03560715
50,0,0,2,34,4,4.193767232,1.048441808
50,0,0,2,35,3,2.734701489,0.911567163
50,0,0,2,36,2,1.909442203,0.954721102
50,0,0,2,37,2,1.66839844,0.83419922
50,0,0,2,38,4,3.875961921,0.96899048
50,0,0,2,39,4,4.240568172,1.060142043
50,0,0,2,40,3,2.981041527,0.993680509
50,0,0,2,41,2,1.738348974,0.869174487
50,0,0,2,42,2,1.589980089,0.794990045
50,0,0,2,43,3,2.912079956,0.970693319
50,0,0,2,44,3,2.912775699,0.970925233
50,0,0,2,45,2,1.769086013,0.884543007
51,1,0,0,1,2,1.77523694,0.88761847
51,1,0,0,2,3,3.03348103,1.011160343
51,1,0,0,3,4,4.194092735,1.048523184
51,1,0,0,4,4,3.594385983,0.898596496
51,1,0,0,5,3,2.34529701,0.78176567
51,1,0,0,6,3,2.85924254,0.953080847
51,1,0,0,7,3,2.34881551,0.782938503
51,1,0,0,8,2,1.423696421,0.711848211
51,1,0,0,9,2,1.718997329,0.859498665
51,1,0,0,10,4,3.566322643,0.891580661
51,1,0,0,11,2,1.674894517,0.837447259
51,1,0,0,12,3,3.043530512,1.014510171
51,1,0,0,13,4,3.997100853,0.999275213
51,1,0,0,14,4,3.74587265,0.936468163
51,1,0,0,15,2,1.801331596,0.900665798
51,1,0,2,31,3,2.788760546,0.929586849
51,1,0,2,32,2,1.870724742,0.935362371
51,1,0,2,33,3,2.871659091,0.957219697
51,1,0,2,34,3,3.021629101,1.0072097
51,1,0,2,35,3,2.685119353,0.895039784
51,1,0,2,36,3,2.774605883,0.924868628
51,1,0,2,37,4,3.899956587,0.974989147
51,1,0,2,38,4,3.809337539,0.952334385
51,1,0,2,39,4,3.64874125,0.912185313
51,1,0,2,40,4,3.460835758,0.86520894
51,1,0,2,41,4,3.229855652,0.807463913
51,1,0,2,42,2,1.800167963,0.900083982
51,1,0,2,43,2,1.823848215,0.911924108
51,1,0,2,44,2,2.007688724,1.003844362
51,1,0,2,45,2,2.066466303,1.033233152
52,1,0,0,1,2,1.810190459,0.90509523
52,1,0,0,2,4,3.609884957,0.902471239
52,1,0,0,3,4,3.472872203,0.868218051
52,1,0,0,4,2,1.657655557,0.828827779
52,1,0,0,5,4,3.727540736,0.931885184
52,1,0,0,6,4,3.437178517,0.859294629
52,1,0,0,7,4,2.908959623,0.727239906
52,1,0,0,8,2,1.598507412,0.799253706
52,1,0,0,9,3,2.550465293,0.850155098
52,1,0,0,10,2,1.599579476,0.799789738
52,1,0,0,11,2,1.792196963,0.896098482
52,1,0,0,12,3,2.698454224,0.899484741
52,1,0,0,13,3,2.703027317,0.901009106
52,1,0,0,14,3,2.703150637,0.901050212
52,1,0,0,15,3,2.609497842,0.869832614
52,1,0,2,31,3,2.697022224,0.899007408
52,1,0,2,32,4,3.783669392,0.945917348
52,1,0,2,33,3,2.265241282,0.755080427
52,1,0,2,34,2,1.71143541,0.855717705
52,1,0,2,35,3,2.600874742,0.866958247
52,1,0,2,36,3,2.550908003,0.850302668
52,1,0,2,37,3,2.773506358,0.924502119
52,1,0,2,38,2,1.700598497,0.850299249
52,1,0,2,39,4,3.5782449,0.894561225
52,1,0,2,40,4,3.814276065,0.953569016
52,1,0,2,41,4,3.874286598,0.96857165
52,1,0,2,42,4,3.749548161,0.93738704
52,1,0,2,43,2,1.64569951,0.822849755
52,1,0,2,44,2,1.723173698,0.861586849
52,1,0,2,45,2,1.800405857,0.900202929
53,1,0,0,1,3,2.452963355,0.817654452
53,1,0,0,2,4,3.479516291,0.869879073
53,1,0,0,3,2,1.296350664,0.648175332
53,1,0,0,4,2,1.148907752,0.574453876
53,1,0,0,5,2,1.847963747,0.923981874
53,1,0,0,7,3,3.147463463,1.049154488
53,1,0,0,8,2,1.561495637,0.780747819
53,1,0,0,9,4,4.526450878,1.13161272
53,1,0,0,10,3,2.782289723,0.927429908
53,1,0,0,11,3,3.299649885,1.099883295
53,1,0,0,12,4,4.212355197,1.053088799
53,1,0,0,13,4,4.403287203,1.100821801
53,1,0,0,14,3,2.982343811,0.994114604
53,1,0,0,15,4,3.7634965,0.940874125
53,1,0,2,31,3,3.322245171,1.107415057
53,1,0,2,32,2,2.142486611,1.071243306
53,1,0,2,33,3,2.809246072,0.936415357
53,1,0,2,34,4,4.060629768,1.015157442
53,1,0,2,35,3,2.951738721,0.983912907
53,1,0,2,36,3,3.075888361,1.02529612
53,1,0,2,37,2,2.063058272,1.031529136
53,1,0,2,38,2,2.162827742,1.081413871
53,1,0,2,39,4,4.270999652,1.067749913
53,1,0,2,40,3,2.996490327,0.998830109
53,1,0,2,41,2,2.011107658,1.005553829
53,1,0,2,42,4,3.995690518,0.99892263
53,1,0,2,43,4,4.284210829,1.071052707
53,1,0,2,44,4,3.848938096,0.962234524
53,1,0,2,45,2,1.978466481,0.989233241
54,1,0,0,1,4,3.332841878,0.83321047
54,1,0,0,2,4,3.499962727,0.874990682
54,1,0,0,3,4,3.288963122,0.822240781
54,1,0,0,4,3,2.928499931,0.976166644
54,1,0,0,5,3,3.422436583,1.140812194
54,1,0,0,6,4,3.598099755,0.899524939
54,1,0,0,7,4,4.006494613,1.001623653
54,1,0,0,8,2,1.784650075,0.892325038
54,1,0,0,9,2,2.048469684,1.024234842
54,1,0,0,10,3,3.095556169,1.031852056
54,1,0,0,11,3,2.720425258,0.906808419
54,1,0,0,12,3,2.987627386,0.995875795
54,1,0,0,13,2,2.164274361,1.082137181
54,1,0,0,14,2,2.168990453,1.084495227
54,1,0,0,15,2,2.514050464,1.257025232
54,1,0,2,31,3,3.27736606,1.092455353
54,1,0,2,32,3,3.262992118,1.087664039
54,1,0,2,33,2,2.346042567,1.173021284
54,1,0,2,34,2,2.373797506,1.186898753
54,1,0,2,35,2,1.897382215,0.948691108
54,1,0,2,36,4,4.150537772,1.037634443
54,1,0,2,37,2,2.244515866,1.122257933
54,1,0,2,38,4,3.73262169,0.933155423
54,1,0,2,39,4,3.924277252,0.981069313
54,1,0,2,40,3,2.956297698,0.985432566
54,1,0,2,41,2,2.201670305,1.100835153
54,1,0,2,42,4,3.887989763,0.971997441
54,1,0,2,43,4,3.937647301,0.984411825
54,1,0,2,44,3,3.241800037,1.080600012
54,1,0,2,45,3,2.881320547,0.960440182
55,1,0,0,1,2,1.724341215,0.862170608
55,1,0,0,2,2,1.759093121,0.879546561
55,1,0,0,3,2,1.827763511,0.913881756
55,1,0,0,4,2,1.900990703,0.950495352
55,1,0,0,5,2,1.768975189,0.884487595
55,1,0,0,6,4,3.825442861,0.956360715
55,1,0,0,7,4,3.7029148,0.9257287
55,1,0,0,8,4,3.874762994,0.968690749
55,1,0,0,9,3,2.837838566,0.945946189
55,1,0,0,10,3,2.671206965,0.890402322
55,1,0,0,11,4,3.737054498,0.934263625
55,1,0,0,12,4,3.627346248,0.906836562
55,1,0,0,13,3,2.633559239,0.87785308
55,1,0,0,14,3,2.890592718,0.963530906
55,1,0,0,15,3,2.513889391,0.83796313
55,1,0,2,31,4,3.623207367,0.905801842
55,1,0,2,32,2,1.990307858,0.995153929
55,1,0,2,33,2,2.029920207,1.014960104
55,1,0,2,34,2,1.875734329,0.937867165
55,1,0,2,35,3,2.853533639,0.95117788
55,1,0,2,36,4,3.716295634,0.929073909
55,1,0,2,37,3,2.663715694,0.887905231
55,1,0,2,38,2,1.748885463,0.874442732
55,1,0,2,39,3,2.883340761,0.961113587
55,1,0,2,40,2,1.914474793,0.957237397
55,1,0,2,41,3,2.676758419,0.892252806
55,1,0,2,42,4,3.725898427,0.931474607
55,1,0,2,43,4,3.382419808,0.845604952
55,1,0,2,44,3,2.709465194,0.903155065
55,1,0,2,45,4,3.753802955,0.938450739
56,1,0,0,1,4,3.137140778,0.784285195
56,1,0,0,2,3,2.248554181,0.74951806
56,1,0,0,3,2,1.370751964,0.685375982
56,1,0,0,4,2,1.430298173,0.715149087
56,1,0,0,5,3,2.393164123,0.797721374
56,1,0,0,6,2,1.484944425,0.742472213
56,1,0,0,7,3,2.718263208,0.906087736
56,1,0,0,8,4,3.396640155,0.849160039
56,1,0,0,9,3,2.162085755,0.720695252
56,1,0,0,10,2,1.688358643,0.844179322
56,1,0,0,11,2,1.771421456,0.885710728
56,1,0,0,12,3,2.645966802,0.881988934
56,1,0,0,13,4,3.165926878,0.79148172
56,1,0,0,14,4,3.438431619,0.859607905
56,1,0,0,15,4,3.498275119,0.87456878
56,1,0,2,31,2,1.95968865,0.979844325
56,1,0,2,32,3,2.375571902,0.791857301
56,1,0,2,33,2,2.097953226,1.048976613
56,1,0,2,34,4,3.571985602,0.892996401
56,1,0,2,35,2,1.970062152,0.985031076
56,1,0,2,36,2,1.813082172,0.906541086
56,1,0,2,37,2,2.048798372,1.024399186
56,1,0,2,38,3,3.200765072,1.066921691
56,1,0,2,39,3,3.251410013,1.083803338
56,1,0,2,40,4,4.012828641,1.00320716
56,1,0,2,41,4,3.819664954,0.954916239
56,1,0,2,42,4,3.534910642,0.883727661
56,1,0,2,43,3,3.009653692,1.003217897
56,1,0,2,44,4,3.825871254,0.956467814
56,1,0,2,45,3,3.226789155,1.075596385
57,1,0,0,1,3,2.050435975,0.683478658
57,1,0,0,2,2,1.24370197,0.621850985
57,1,0,0,3,3,2.404368611,0.801456204
57,1,0,0,4,4,3.305163775,0.826290944
57,1,0,0,5,2,1.274583716,0.637291858
57,1,0,0,6,3,1.978847695,0.659615898
57,1,0,0,7,3,2.321383603,0.773794534
57,1,0,0,8,3,2.450242699,0.816747566
57,1,0,0,9,4,3.563049656,0.890762414
57,1,0,0,10,4,3.778662305,0.944665576
57,1,0,0,11,2,1.580144944,0.790072472
57,1,0,0,12,2,1.541787256,0.770893628
57,1,0,0,13,4,3.399353306,0.849838327
57,1,0,0,14,4,3.602073424,0.900518356
57,1,0,0,15,2,1.633082665,0.816541333
57,1,0,2,31,2,1.978153755,0.989076878
57,1,0,2,32,4,3.694183197,0.923545799
57,1,0,2,33,2,1.822056963,0.911028482
57,1,0,2,34,4,3.542966874,0.885741719
57,1,0,2,35,3,2.834881177,0.944960392
57,1,0,2,36,3,2.897567748,0.965855916
57,1,0,2,37,4,4.035888589,1.008972147
57,1,0,2,38,2,1.885586098,0.942793049
57,1,0,2,39,4,3.619521712,0.904880428
57,1,0,2,40,2,1.798813722,0.899406861
57,1,0,2,41,4,4.053957932,1.013489483
57,1,0,2,42,3,2.941776503,0.980592168
57,1,0,2,43,3,2.889159412,0.963053137
57,1,0,2,44,3,2.881843508,0.960614503
57,1,0,2,45,2,1.909008749,0.954504375
58,1,0,0,1,3,2.277514191,0.759171397
58,1,0,0,2,2,1.599444264,0.799722132
58,1,0,0,3,2,1.920830459,0.96041523
58,1,0,0,4,3,2.955622187,0.985207396
58,1,0,0,5,4,3.599762409,0.899940602
58,1,0,0,6,4,3.48801859,0.872004648
58,1,0,0,7,4,3.341217094,0.835304274
58,1,0,0,8,3,2.311380392,0.770460131
58,1,0,0,9,4,3.301037364,0.825259341
58,1,0,0,10,2,2.031711893,1.015855947
58,1,0,0,11,2,2.091847966,1.045923983
58,1,0,0,12,2,2.096200527,1.048100264
58,1,0,0,13,4,4.767755392,1.191938848
58,1,0,0,14,3,3.548201192,1.182733731
58,1,0,0,15,3,3.782238549,1.260746183
58,1,0,2,31,4,4.116490132,1.029122533
58,1,0,2,32,4,4.198137547,1.049534387
58,1,0,2,33,2,2.198537256,1.099268628
58,1,0,2,34,3,3.657897556,1.219299185
58,1,0,2,35,2,2.114682651,1.057341326
58,1,0,2,36,3,3.306663871,1.10222129
58,1,0,2,37,2,2.22029705,1.110148525
58,1,0,2,38,2,2.436842142,1.218421071
58,1,0,2,39,3,3.533849613,1.177949871
58,1,0,2,40,2,2.276895715,1.138447858
58,1,0,2,41,4,5.549551294,1.387387824
58,1,0,2,42,4,4.416907606,1.104226902
58,1,0,2,43,4,4.574742248,1.143685562
58,1,0,2,44,3,3.545930661,1.181976887
58,1,0,2,45,3,3.607293545,1.202431182
59,1,0,0,1,3,2.87188456,0.957294853
59,1,0,0,2,4,3.668402711,0.917100678
59,1,0,0,3,2,1.917949201,0.958974601
59,1,0,0,4,3,3.271051383,1.090350461
59,1,0,0,5,4,4.073516327,1.018379082
59,1,0,0,6,3,2.932180085,0.977393362
59,1,0,0,7,3,3.032164384,1.010721461
59,1,0,0,8,2,1.953398487,0.976699244
59,1,0,0,9,3,3.059557259,1.01985242
59,1,0,0,10,2,1.790697515,0.895348758
59,1,0,0,11,2,1.865990647,0.932995324
59,1,0,0,12,2,2.033132967,1.016566484
59,1,0,0,13,4,4.368608687,1.092152172
59,1,0,0,14,4,4.414365275,1.103591319
59,1,0,0,15,4,4.082777637,1.020694409
59,1,0,2,31,4,4.495314883,1.123828721
59,1,0,2,32,4,4.574216793,1.143554198
59,1,0,2,33,3,3.116533331,1.038844444
59,1,0,2,34,3,3.33069552,1.11023184
59,1,0,2,35,2,2.058603264,1.029301632
59,1,0,2,36,2,2.345593531,1.172796766
59,1,0,2,37,2,2.074396605,1.037198303
59,1,0,2,38,4,4.811450144,1.202862536
59,1,0,2,39,4,5.096488455,1.274122114
59,1,0,2,40,2,2.228403606,1.114201803
59,1,0,2,41,3,3.522479438,1.174159813
59,1,0,2,42,2,2.199725116,1.099862558
59,1,0,2,43,4,4.562910549,1.140727637
59,1,0,2,44,3,3.14953938,1.04984646
59,1,0,2,45,3,3.129880969,1.043293656
60,1,0,0,1,2,1.524145595,0.762072798
60,1,0,0,2,4,3.179845543,0.794961386
60,1,0,0,3,2,1.621726874,0.810863437
60,1,0,0,4,3,2.39172339,0.79724113
60,1,0,0,5,4,3.537120205,0.884280051
60,1,0,0,6,4,3.628658989,0.907164747
60,1,0,0,7,4,4.122734453,1.030683613
60,1,0,0,8,4,4.000007034,1.000001759
60,1,0,0,9,2,1.234889193,0.617444597
60,1,0,0,10,3,2.460471678,0.820157226
60,1,0,0,11,2,1.440442844,0.720221422
60,1,0,0,12,2,1.437859481,0.718929741
60,1,0,0,13,3,2.391792358,0.797264119
60,1,0,0,14,3,2.226255314,0.742085105
60,1,0,0,15,3,2.361871819,0.787290606
60,1,0,2,31,3,2.434869436,0.811623145
60,1,0,2,32,4,3.738069936,0.934517484
60,1,0,2,33,3,2.517270941,0.839090314
60,1,0,2,34,3,2.809583222,0.936527741
60,1,0,2,35,3,2.849330953,0.949776984
60,1,0,2,36,4,4.196590036,1.049147509
60,1,0,2,37,3,2.899813303,0.966604434
60,1,0,2,38,2,1.751643272,0.875821636
60,1,0,2,39,4,4.192372796,1.048093199
60,1,0,2,40,2,1.708904444,0.854452222
60,1,0,2,41,2,1.668649932,0.834324966
60,1,0,2,42,2,1.725481095,0.862740548
60,1,0,2,43,2,1.780245791,0.890122896
60,1,0,2,44,4,3.947633573,0.986908393
60,1,0,2,45,4,3.369060423,0.842265106
61,0,0,0,1,3,2.138337675,0.712779225
61,0,0,0,2,2,1.570834785,0.785417393
61,0,0,0,3,3,2.366219355,0.788739785
61,0,0,0,4,4,3.356578324,0.839144581
61,0,0,0,5,3,2.353809769,0.784603256
61,0,0,0,6,3,2.595528747,0.865176249
61,0,0,0,7,3,2.491134907,0.830378302
61,0,0,0,8,4,3.79824682,0.949561705
61,0,0,0,9,2,1.480025962,0.740012981
61,0,0,0,10,2,1.78101397,0.890506985
61,0,0,0,12,4,4.198857199,1.0497143
61,0,0,0,13,4,3.918476833,0.979619208
61,0,0,0,14,4,4.066550636,1.016637659
61,0,0,0,15,2,1.652124124,0.826062062
61,0,0,2,31,3,3.28495008,1.09498336
61,0,0,2,32,4,4.805919316,1.201479829
61,0,0,2,33,3,3.277885119,1.092628373
61,0,0,2,34,2,2.053919348,1.026959674
61,0,0,2,35,2,2.081483834,1.040741917
61,0,0,2,36,2,2.397740033,1.198870017
61,0,0,2,37,4,5.057605579,1.264401395
61,0,0,2,38,3,3.317644329,1.105881443
61,0,0,2,39,2,2.079820589,1.039910295
61,0,0,2,40,4,5.549394824,1.387348706
61,0,0,2,41,3,3.700536931,1.23351231
61,0,0,2,42,4,5.493612286,1.373403072
61,0,0,2,43,2,2.059983544,1.029991772
61,0,0,2,44,3,3.787634473,1.262544824
62,0,1,0,1,4,3.235526009,0.808881502
62,0,1,0,2,4,2.451314295,0.612828574
62,0,1,0,3,4,2.658509137,0.664627284
62,0,1,0,4,4,2.797960854,0.699490214
62,0,1,0,5,2,1.313680634,0.656840317
62,0,1,0,6,2,1.400362993,0.700181497
62,0,1,0,7,3,2.746728207,0.915576069
62,0,1,0,8,3,2.106425601,0.702141867
62,0,1,0,9,2,1.393039447,0.696519724
62,0,1,0,10,4,3.703839114,0.925959779
62,0,1,0,11,2,1.375940932,0.687970466
62,0,1,0,12,3,1.99221007,0.664070023
62,0,1,0,13,3,1.892402447,0.630800816
62,0,1,0,14,2,1.075506458,0.537753229
62,0,1,0,15,3,2.169879197,0.723293066
62,0,1,2,31,3,3.300844123,1.100281374
62,0,1,2,32,2,1.887025363,0.943512682
62,0,1,2,33,4,4.042957252,1.010739313
62,0,1,2,34,3,2.792650206,0.930883402
62,0,1,2,35,3,2.767078876,0.922359625
62,0,1,2,36,4,4.41485354,1.103713385
62,0,1,2,37,4,3.31569637,0.828924093
62,0,1,2,38,4,3.74435499,0.936088748
62,0,1,2,39,2,1.683711908,0.841855954
62,0,1,2,40,4,3.710333532,0.927583383
62,0,1,2,41,2,1.510336817,0.755168409
62,0,1,2,42,2,2.14616873,1.073084365
62,0,1,2,43,3,2.674572737,0.891524246
62,0,1,2,44,3,2.714710871,0.904903624
62,0,1,2,45,2,1.847332845,0.923666423
